sku	fnsku	asin	product-name	condition	your-price	mfn-listing-exists	mfn-fulfillable-quantity	afn-listing-exists	afn-warehouse-quantity	afn-fulfillable-quantity	afn-unsellable-quantity	afn-reserved-quantity	afn-total-quantity	per-unit-volume	afn-inbound-working-quantity	afn-inbound-shipped-quantity	afn-inbound-receiving-quantity	afn-researching-quantity	afn-reserved-future-supply	afn-future-supply-buyable
BOOK-04.23-10-2732482544	X001RDQ8LR	2732482544	Un demi-siècle dans l'Himalaya	New	400.81	No		Yes	8	8	0	0	8	2643.07	0	0	0	0	0	0
BOOK-04.23-2,29-2747096424	X001RDQ94X	2747096424	Un livre	New	137.44	No		Yes	1	1	0	0	1	270.06	0	0	0	0	0	0
BOOK-04.23-2,71-2813220337	X001RF3A75	2813220337	280 huiles essentielles (Poche)	New	122.70	No		Yes	0	0	0	0	0	336.1	0	0	0	0	0	0
BOOK-04.23-2,85-B07B14J3S4	X001RE2WWZ	B07B14J3S4	Hergé de Profil - Une étoile plus mystérieuse du tout !	New	148.74	No		Yes	0	0	0	0	0	712.84	0	0	0	0	0	0
BOOK-04.23-2,89-2745994840	X001RE5RIV	2745994840	Le collège noir, Tome 02: Le livre de la pierre	New	123.86	No		Yes	0	0	0	0	0	490.3	0	0	0	0	0	0
BOOK-04.23-2,92-2747098133	X001RE2BXZ	2747098133	Les dragons de Nalsara compilation, Tome 03: Le danger venu de la mer	New	100.26	No		Yes	0	0	0	0	0	477.52	0	0	0	0	0	0
BOOK-04.23-2,92-2755629150	X001RE2SUL	2755629150	Calendar Girl - Avril	New	106.50	No		Yes	0	0	0	0	0	413.77	0	0	0	0	0	0
BOOK-04.23-2,92-281321759X	X001RE2ASB	281321759X	Le guide de la femme heureuse (Poche)	New	116.10	No		Yes	0	0	0	0	0	336.1	0	0	0	0	0	0
BOOK-04.23-2,93-2210558026	X001RE306H	2210558026	Outils pour les maths CM1: Programmes 2008	New	129.36	No		Yes	0	0	0	0	0	533.07	0	0	0	0	0	0
BOOK-04.23-2,93-2365492215	X001RDSBSP	2365492215	Maigrir sereinement avec les thérapies cognitives et comportementales (TCC): Cahier d'exercices pour apprivoiser son appétit	New	156.94	No		Yes	0	0	0	0	0	571.25	0	0	0	0	0	0
BOOK-04.23-2,93-2745988271	X001RDXMRP	2745988271	Le journal d'une grosse nouille, Tome 11: Une amitié aigre-douce	New	155.20	No		Yes	0	0	0	0	0	608.78	0	0	0	0	0	0
BOOK-04.23-2,93-2745996053	X001RE2DHT	2745996053	Lili Goth, Tome 04: La symphonie sinistre	New	154.79	No		Yes	0	0	0	0	0	631.72	0	0	0	0	0	0
BOOK-04.23-2,97-2747091295	X001RDSBZX	2747091295	J'ai confiance en moi !	New	128.13	No		Yes	0	0	0	0	0	679.08	0	0	0	0	0	0
BOOK-04.23-3,08-2354902042	X001RF770V	2354902042	Les Femmes de la Bible: Les vierges, les épouses, les rebelles, les séductrices, les prophétesses, les prostituées...	New	106.54	No		Yes	0	0	0	0	0	269.08	0	0	0	0	0	0
BOOK-04.23-3,08-2408019230	X001RF3E8F	2408019230	Mon cahier de bêtises NE	New	143.64	No		Yes	0	0	0	0	0	1284.09	0	0	0	0	0	0
BOOK-04.23-3,09-2702913032	X001RE29KF	2702913032	Essaie encore, échoue encore, échoue mieux: Conseils de sagesse pour aller de l'avant	New	145.68	No		Yes	0	0	0	0	0	473.59	0	0	0	0	0	0
BOOK-04.23-3,09-2745907336	X001RDQ59H	2745907336	Touche-à-tout !	New	160.80	No		Yes	0	0	0	0	0	1546.94	0	0	0	0	0	0
BOOK-04.23-3,09-2745976508	X001RE2TXR	2745976508	Souffle !	New	190.63	No		Yes	0	0	0	0	0	594.03	0	0	0	0	0	0
BOOK-04.23-3,09-274599218X	X001RE62FX	274599218X	Skate: Technique, pratique, champions	New	156.50	No		Yes	1	1	0	0	1	808.54	0	0	0	0	0	0
BOOK-04.23-3,09-2813217433	X001RDSAY5	2813217433	Cette expérience inouïe qui a bouleversé ma vie	New	155.69	No		Yes	2	2	0	0	2	414.76	0	0	0	0	0	0
BOOK-04.23-3,16-2754075607	X001RFFL77	2754075607	La Grossesse pour les Nuls en BD	New	152.31	No		Yes	5	5	0	0	5	722.34	0	0	0	0	0	0
BOOK-04.23-3,33-2850767581	X001RE2UJ5	2850767581	César l'enchanteur	New	210.65	No		Yes	0	0	0	0	0	901.78	0	0	0	0	0	0
BOOK-04.23-3,42-2354133901	X001RE2BLR	2354133901	Fleurs de rêve: Avec 10 planches à gratter, modèles, stylet	New	151.19	No		Yes	0	0	0	0	0	605.01	0	0	0	0	0	0
BOOK-04.23-3,42-2378011040	X001RDQCM7	2378011040	Bonjour chez vous, Monsieur Caca ! Le livre le plus bête du monde	New	161.26	No		Yes	1	1	0	0	1	577.97	0	0	0	0	0	0
BOOK-04.23-3,42-B07DXPQKKQ	X001RDQ8J9	B07DXPQKKQ	Chair de Poule 2: Les Fantômes d'Halloween. Le roman du film	New	130.14	No		Yes	0	0	0	0	0	424.59	0	0	0	0	0	0
BOOK-04.23-3,42-B07J33MNTB	X001RE2A8B	B07J33MNTB	Les odeurs étonnantes du marché	New	153.20	No		Yes	0	0	0	0	0	937.01	0	0	0	0	0	0
BOOK-04.23-3,49-2843193990	X001RDXJKP	2843193990	Trouver mon poids de forme et me réconcilier avec mon corps grâce à la sophrologie	New	144.11	No		Yes	0	0	0	0	0	725.95	0	0	0	0	0	0
BOOK-04.23-3,5-2849333301	X001RE2TEV	2849333301	500 modèles de maquillage des yeux: Des looks inventifs et inspirés pour chaque humeur et chaque occasion	New	214.60	No		Yes	0	0	0	0	0	727.09	0	0	0	0	0	0
BOOK-04.23-3,52-2851809814	X001RE2T1T	2851809814	Bien choisir sa chaussure de running: Recherche de la performance et prévention des blessures	New	132.34	No		Yes	0	0	0	0	0	389.36	0	0	0	0	0	0
BOOK-04.23-3,58-2813220906	X001RFBR4N	2813220906	Le sucre - Cet ami qui vous veut du mal (poche)	New	122.58	No		Yes	0	0	0	0	0	714.15	0	0	0	0	0	0
BOOK-04.23-3,7-B06Y3XV4JW	X001RDXJUP	B06Y3XV4JW	Je rayonne jour après jour: Le coaching du soleil de l'énergie: Un programme de coaching inédit pour transformer votre vie	New	155.99	No		Yes	5	5	0	0	5	1231.65	0	0	0	0	0	0
BOOK-04.23-3,73-2843193796	X001RDXLH1	2843193796	La communication positive parents enfants: Une méthode douce et ludique pour aider votre enfant à dépasser ses peurs, cauchemars, émotions négatives, timidité...	New	208.88	No		Yes	0	0	0	0	0	518	0	0	0	0	0	0
BOOK-04.23-3,73-2849333956	X001RDQHOP	2849333956	Science minute: Le tour des sciences en 80 minutes	New	155.96	No		Yes	0	0	0	0	0	771.18	0	0	0	0	0	0
BOOK-04.23-3,73-2850765333	X001RE2SUV	2850765333	César l'éclaireur	New	217.35	No		Yes	0	0	0	0	0	653.02	0	0	0	0	0	0
BOOK-04.23-3,73-2858296022	X001RDXJV9	2858296022	La Thérapie archétypale - Guider sa vie avec les archétypes	New	143.56	No		Yes	0	0	0	0	0	645.32	0	0	0	0	0	0
BOOK-04.23-3,73-2858298017	X001RDQ9UH	2858298017	La voie de la déesse guerrière: Sagesse toltèque et chamanisme européen	New	142.78	No		Yes	0	0	0	0	0	527.99	0	0	0	0	0	0
BOOK-04.23-3,89-2361882256	X001RE2TSH	2361882256	Du chaos à l'éveil spirituel: Le parcours d'un médium hors norme	New	220.53	No		Yes	0	0	0	0	0	654.01	0	0	0	0	0	0
BOOK-04.23-3,92-2361882655	X001RE2B85	2361882655	Comment changer le cours de votre vie grâce à l'énergie d'Amour	New	146.40	No		Yes	0	0	0	0	0	412.63	0	0	0	0	0	0
BOOK-04.23-3,92-2749916534	X001RDXIJR	2749916534	Le Journal d'Aurélie Laflamme - tome 7 Plein de secrets (7)	New	147.71	No		Yes	1	1	0	0	1	991.91	0	0	0	0	0	0
BOOK-04.23-4,02-2755636068	X001RDXKOP	2755636068	Jeremstar par Jérémy Gisclon, ma biographie officielle	New	161.89	No		Yes	0	0	0	0	0	791.99	0	0	0	0	0	0
BOOK-04.23-4,12-2749930987	X001RE29HN	2749930987	Blue: La couleur de mes secrets	New	161.53	No		Yes	0	0	0	0	0	619.43	0	0	0	0	0	0
BOOK-04.23-4,13-2810424500	X001RDXK95	2810424500	Une saison au bord de l'eau	New	163.31	No		Yes	0	0	0	0	0	1042.38	0	0	0	0	0	0
BOOK-04.23-4,13-2849334545	X001RDXLML	2849334545	Coupe du Monde - 1930-2018	New	201.64	No		Yes	2	2	0	0	2	1367.99	0	0	0	0	0	0
BOOK-04.23-4,13-285829819X	X001RE2TAF	285829819X	La femme au sillage d'argent - Suivre le chemin initiatique du féminin sacré	New	230.21	No		Yes	0	0	0	0	0	1391.1	0	0	0	0	0	0
BOOK-04.23-4,22-2749927250	X001RE62QR	2749927250	Les Héritiers d'Enkidiev - tome 11 Double allégeance	New	169.68	No		Yes	0	0	0	0	0	1048.77	0	0	0	0	0	0
BOOK-04.23-4,25-2081420805	X001RE29BJ	2081420805	Sauvez votre peau !: Devenez narcissique	New	210.31	No		Yes	0	0	0	0	0	512.75	0	0	0	0	0	0
BOOK-04.23-4,25-2361882868	X001RDXILP	2361882868	Le coeur quantique: Quand l'amour frappe à la porte de votre âme	New	190.98	No		Yes	0	0	0	0	0	691.53	0	0	0	0	0	0
BOOK-04.23-4,33-224685587X	X001RE2XN3	224685587X	La disparition de Josef Mengele: roman	New	223.21	No		Yes	3	3	0	0	3	565.68	0	0	0	0	0	0
BOOK-04.23-4,33-2732480193	X001RDXMPR	2732480193	Carnet du (presque) poète	New	189.68	No		Yes	0	0	0	0	0	1180.36	0	0	0	0	0	0
BOOK-04.23-4,33-2851809601	X001RDQ817	2851809601	Riposter - Abrégé de self-défense: Développez votre efficacité en cas d'agression	New	218.29	No		Yes	0	0	0	0	0	575.51	0	0	0	0	0	0
BOOK-04.23-4,34-B07T2DHD92	X001RE2TIR	B07T2DHD92	Les bizarres, Tome 01: Catastrophe à Huggabie City	New	166.31	No		Yes	1	1	0	0	1	539.95	0	0	0	0	0	0
BOOK-04.23-4,42-274992832X	X001RE2ACR	274992832X	Les Ailes d'Alexanne - tome 6 Sirènes - Tome 6 (06)	New	153.94	No		Yes	0	0	0	0	0	1138.25	0	0	0	0	0	0
BOOK-04.23-4,5-202135444X	X001RE2THN	202135444X	D'argent et de sang: Le roman vrai de la mafia du CO2	New	147.91	No		Yes	0	0	0	0	0	619.1	0	0	0	0	0	0
BOOK-04.23-4,5-2702914373	X001RE2WLB	2702914373	Un lotus s'épanouit: Manuel pratique de méditations assises guidées pour la joie, la guérison et la transformation	New	198.65	No		Yes	0	0	0	0	0	746.27	0	0	0	0	0	0
BOOK-04.23-4,5-2813209287	X001RE2ULX	2813209287	Le guide des vrais compléments alimentaires - Naturels et efficaces - Toutes les maladies de A à Z: Toutes les maladies de A à Z et leurs remèdes	New	199.30	No		Yes	6	6	0	0	6	844.75	0	0	0	0	0	0
BOOK-04.23-4,54-2412039305	X001RE2DVF	2412039305	Le Kit idéal - Mes joyeuses semaines avec Mathou: Contient : 1 semainier, 1 pot à crayons, 1 stylo 6 couleurs, 3 badges, 1 masking tape	New	172.08	No		Yes	0	0	0	0	0	4602.8	0	0	0	0	0	0
BOOK-04.23-4,54-2745994344	X001RE29ZF	2745994344	L'histoire de la cuisine du mammouth à la pizza	New	155.85	No		Yes	0	0	0	0	0	637.29	0	0	0	0	0	0
BOOK-04.23-4,54-2849333948	X001RDQ8RL	2849333948	La magie du Hygge - Mettez de la douceur nordique dans votre vie	New	152.66	No		Yes	0	0	0	0	0	653.68	0	0	0	0	0	0
BOOK-04.23-4,62-2755629703	X001RDQC95	2755629703	The elements - Tome 02: Tout les oppose, mais rien ne pourra les séparer	New	183.80	No		Yes	0	0	0	0	0	982.57	0	0	0	0	0	0
BOOK-04.23-4,62-2810427739	X001RE29R3	2810427739	Sophie Marceau	New	124.04	No		Yes	0	0	0	0	0	1378.64	0	0	0	0	0	0
BOOK-04.23-4,62-281321812X	X001RE2A6D	281321812X	Efficacité et Bien-être au travail	New	171.98	No		Yes	0	0	0	0	0	588.62	0	0	0	0	0	0
BOOK-04.23-4,62-2813220256	X001RDXJWX	2813220256	L'Invité de l'au-delà	New	147.30	No		Yes	1	1	0	0	1	582.72	0	0	0	0	0	0
BOOK-04.23-4,62-2843194121	X001RE2U81	2843194121	Adultes surdoués et relations amoureuses - Comment vivre avec l'autre et savoir être heureux en coup: Comment vivre avec l'autre et savoir être heureux en couple	New	190.56	No		Yes	0	0	0	0	0	588.62	0	0	0	0	0	0
BOOK-04.23-4,62-284319413X	X001RDQ9MZ	284319413X	Hypersensibles - Le Labyrinthe des émotions	New	176.64	No		Yes	0	0	0	0	0	523.24	0	0	0	0	0	0
BOOK-04.23-4,67-2702914780	X001RE2C9N	2702914780	La musculation sans appareil, anatomie et mouvements	New	219.26	No		Yes	0	0	0	0	0	690.71	0	0	0	0	0	0
BOOK-04.23-4,67-2702914942	X001RE2AAJ	2702914942	Seconde chance: Tout ce qui ne vous tue pas vous rend plus fort… n'abandonnez jamais !	New	189.24	No		Yes	10	9	1	0	10	738.56	0	0	0	0	0	0
BOOK-04.23-4,67-2732485462	X001RE2ST7	2732485462	L'homme qui tartinait une éponge: Mieux vivre avec Alzheimer dans la bienveillance et la dignité	New	210.83	No		Yes	0	0	0	0	0	607.47	0	0	0	0	0	0
BOOK-04.23-4,67-2757603205	X001RE2DG5	2757603205	Musculation fonctionnelle pour tous: Retrouvez votre motricité naturelle !	New	226.76	No		Yes	0	0	0	0	0	567.81	0	0	0	0	0	0
BOOK-04.23-4,67-275760340X	X001RDQC6N	275760340X	J'ai pas le temps... de faire du sport !: Des séances de 10 minutes sans matériel pour s'affiner et se muscler	New	160.30	No		Yes	0	0	0	0	0	776.91	0	0	0	0	0	0
BOOK-04.23-4,77-2081436027	X001RFBQM1	2081436027	En confidence	New	193.76	No		Yes	0	0	0	0	0	459.17	0	0	0	0	0	0
BOOK-04.23-4,84-2823614079	X001RE2W7Z	2823614079	Le regard féminin: Une révolution à l'écran	New	186.75	No		Yes	0	0	0	0	0	426.39	0	0	0	0	0	0
BOOK-04.23-4,92-2213705623	X001RE2SC9	2213705623	Jean-Luc Delarue: La star qui ne s'aimait pas	New	182.16	No		Yes	6	6	0	0	6	745.61	0	0	0	0	0	0
BOOK-04.23-4,92-2749917832	X001RE2WYN	2749917832	Hexagone - Sur les routes de l'Histoire de France	New	162.79	No		Yes	0	0	0	0	0	1328.5	0	0	0	0	0	0
BOOK-04.23-4,92-2749925118	X001RE2V2V	2749925118	Métronome 2: Paris intime au fil de ses rues	New	182.16	No		Yes	2	2	0	0	2	1199.04	0	0	0	0	0	0
BOOK-04.23-4,92-2810426465	X001RDQGYB	2810426465	Diamant & Mauvais Karma (02)	New	162.79	No		Yes	0	0	0	0	0	1018.29	0	0	0	0	0	0
BOOK-04.23-4,93-2271081416	X001RDXK8B	2271081416	Atlas de l'alimentation	New	250.16	No		Yes	0	0	0	0	0	822.79	0	0	0	0	0	0
BOOK-04.23-4,93-2732470538	X001RDQ7VD	2732470538	Sophie express: 150 recettes en 15 minutes chrono, cuisson comprise!	New	288.01	No		Yes	0	0	0	0	0	1216.58	0	0	0	0	0	0
BOOK-04.23-4,93-2853276023	X001RDQ8CV	2853276023	Les exercices qui vous soignent, Tome 1	New	258.01	No		Yes	0	0	0	0	0	776.09	0	0	0	0	0	0
BOOK-04.23-4-B07D2TMYNZ	X001RE2AY5	B07D2TMYNZ	Escape Box Cthulhu - Escape game adulte de 3 à 6 joueurs - Dès 14 ans et adulte: Contient : 3 livrets, 131 cartes, 1 bande-son d'une heure, 1 poster, 6 badges	New	161.14	No		Yes	0	0	0	0	0	3275.94	0	0	0	0	0	0
BOOK-04.23-5,04-2843194237	X001RE29OB	2843194237	La vie commence avant la naissance: Les secrets du bébé in utero	New	169.44	No		Yes	0	0	0	0	0	626.97	0	0	0	0	0	0
BOOK-04.23-5,08-2702915256	X001RF2EEZ	2702915256	Prendre soin de son périnée à tout âge: Pourquoi et Comment ?	New	197.31	No		Yes	0	0	0	0	0	590.59	0	0	0	0	0	0
BOOK-04.23-5,12-2749155835	X001RE2DB5	2749155835	Le Guide anti-Alzheimer: Les secrets d'un cerveau en pleine forme	New	231.21	No		Yes	1	1	0	0	1	998.46	0	0	0	0	0	0
BOOK-04.23-5,13-2702913504	X001RE2V4J	2702913504	Glorieuses possibilités	New	215.55	No		Yes	6	6	0	0	6	957.66	0	0	0	0	0	0
BOOK-04.23-5,27-2702914365	X001RE2UWR	2702914365	Entrez dans la pratique de l'Ashtanga Yoga: Les fondements, la philosophie, les postures-clés	New	258.35	No		Yes	0	0	0	0	0	865.24	0	0	0	0	0	0
BOOK-04.23-5,27-2757603450	X001RE5QPP	2757603450	Les secrets de vos super-pouvoirs: Découvrez la science de la performance ultime	New	188.33	No		Yes	4	4	0	0	4	890.15	0	0	0	0	0	0
BOOK-04.23-5,42-2810425493	X001RDQAAV	2810425493	Le Cupcake Café sous la neige	New	171.25	No		Yes	0	0	0	0	0	967.66	0	0	0	0	0	0
BOOK-04.23-5,42-2810426767	X001RE2YFZ	2810426767	Une rencontre au bord de l'eau	New	172.46	No		Yes	0	0	0	0	0	1226.41	0	0	0	0	0	0
BOOK-04.23-5,42-2813218472	X001RE2ABX	2813218472	La cuisine des 4 saisons selon la médecine chinoise	New	216.06	No		Yes	0	0	0	0	0	596.16	0	0	0	0	0	0
BOOK-04.23-5,42-2813219797	X001RDQ78V	2813219797	Un éléphant dans ma cuisine: Ce que mon troupeu d'éléphants m'a appris sur l'amour, le courage et la détermination	New	163.69	No		Yes	3	3	0	0	3	827.55	0	0	0	0	0	0
BOOK-04.23-5,42-2841389847	X001RE2AGX	2841389847	Elie Semoun, pelouse interdite	New	167.93	No		Yes	0	0	0	0	0	719.72	0	0	0	0	0	0
BOOK-04.23-5,42-B07MWQRP3R	X001RDQG0F	B07MWQRP3R	Le roman vrai d'Alexandre: Aveux	New	190.56	No		Yes	0	0	0	0	0	1218.54	0	0	0	0	0	0
BOOK-04.23-5,5-2813218103	X001RDXL0N	2813218103	Voyage d'un neurochirurgien au coeur de la conscience	New	196.03	No		Yes	0	0	0	0	0	1058.28	0	0	0	0	0	0
BOOK-04.23-5,54-2412038716	X001RDQCW7	2412038716	Ma clé du bonheur	New	172.35	No		Yes	0	0	0	0	0	530.78	0	0	0	0	0	0
BOOK-04.23-5,54-2889357287	X001RDQEPR	2889357287	L'album sonore de bébé	New	204.11	No		Yes	0	0	0	0	0	1608.88	0	0	0	0	0	0
BOOK-04.23-5,62-B072ZFY4CM	X001RE2BNF	B072ZFY4CM	Politique et société: Rencontres avec Dominique Wolton	New	235.21	No		Yes	0	0	0	0	0	1089.74	0	0	0	0	0	0
BOOK-04.23-5,69-2813218979	X001RE2T4B	2813218979	Le défi des 100 jours, Cahier d'exercices pour tr ouver sa mission de vie et se realiser pleinement	New	270.88	No		Yes	0	0	0	0	0	2121.8	0	0	0	0	0	0
BOOK-04.23-5,7-281321633X	X001RDSAV3	281321633X	La vie secrète des plantes - Les liens physiques, émotionnels et spirituels	New	251.28	No		Yes	0	0	0	0	0	1324.57	0	0	0	0	0	0
BOOK-04.23-5,78-2702915558	X001RF39T9	2702915558	Pour un leadership socialement intelligent: Les cinq rôles d'un maître berger	New	233.15	No		Yes	0	0	0	0	0	889.16	0	0	0	0	0	0
BOOK-04.23-5,82-2221157877	X001RE5S4T	2221157877	Ghost in Love	New	198.14	No		Yes	6	6	0	0	6	954.22	0	0	0	0	0	0
BOOK-04.23-5,82-2851809342	X001RDQ75T	2851809342	Musclée et sexy: La méthode pour affiner et sculpter votre corps rapidement !	New	248.28	No		Yes	0	0	0	0	0	571.25	0	0	0	0	0	0
BOOK-04.23-5,84-2843194261	X001RE31K7	2843194261	Le syndrome de la mouche contre la vitre: Comment décrypter les messages de l’inconscient pour mieux vivre et reprendre le contrôle de sa vie	New	176.34	No		Yes	0	0	0	0	0	654.01	0	0	0	0	0	0
BOOK-04.23-5,84-2853277046	X001RE2BQ7	2853277046	Bien chez moi - Dans ma maison, mon corps, ma tête	New	189.75	No		Yes	0	0	0	0	0	866.38	0	0	0	0	0	0
BOOK-04.23-5,92-2738133827	X001RE2A9Z	2738133827	La Chrono-alimentation du cerveau	New	259.76	No		Yes	0	0	0	0	0	1026.32	0	0	0	0	0	0
BOOK-04.23-5,92-B078F5L94V	X001RDXKRH	B078F5L94V	Ma part d'évidence: Une vie transformée après une expérience de mort imminente	New	247.38	No		Yes	0	0	0	0	0	1081.55	0	0	0	0	0	0
BOOK-04.23-5-2813217867	X001RE2D8X	2813217867	Cancer - Et si nos émotions pouvaient nous guérir ?	New	214.29	No		Yes	1	1	0	0	1	850.16	0	0	0	0	0	0
BOOK-04.23-6,02-2851809881	X001RE63DT	2851809881	Le football est une science (in)exacte: Entraîneurs, joueurs, journalistes, spectateurs : comment le big data a changé le visage du football ?: ... : comment le big date a changé le visag	New	216.95	No		Yes	0	0	0	0	0	799.69	0	0	0	0	0	0
BOOK-04.23-6,12-2702155340	X001RDQA5L	2702155340	L'Ange du lac -Orpheline des neiges-T6: l'Orpheline des neiges 6	New	258.35	No		Yes	0	0	0	0	0	1012.88	0	0	0	0	0	0
BOOK-04.23-6,12-2702160778	X001RDS815	2702160778	La Galerie des jalousies T2	New	262.16	No		Yes	0	0	0	0	0	1605.11	0	0	0	0	0	0
BOOK-04.23-6,13-2324017695	X001RDSE05	2324017695	Jean-Jacques Goldman - Sur ses traces	New	201.88	No		Yes	0	0	0	0	0	2141.63	0	0	0	0	0	0
BOOK-04.23-6,29-2851809091	X001RE2U6X	2851809091	Méthode de musculation: Tome 2, L'espace stratégique: Optimisez votre fonctionnement pour un rendement athlétique supérieur	New	289.44	No		Yes	0	0	0	0	0	965.69	0	0	0	0	0	0
BOOK-04.23-6,42-2813217425	X001RDXKDV	2813217425	Développez vos facultés d'autoguérison: Un programme innovant en 7 jours pour renforcer votre immunité et agir positivement sur votre santé	New	249.98	No		Yes	0	0	0	0	0	1152.01	0	0	0	0	0	0
BOOK-04.23-6,42-2858298556	X001RDQAKB	2858298556	Le pianiste nomade	New	217.64	No		Yes	0	0	0	0	0	1193.8	0	0	0	0	0	0
BOOK-04.23-6,57-2851809504	X001RF3BOR	2851809504	Aquafitness: Les activités de la forme en milieu aquatique, de la théorie à la pratique	New	189.88	No		Yes	0	0	0	0	0	787.56	0	0	0	0	0	0
BOOK-04.23-6,62-2841389715	X001RE5R09	2841389715	A modern way to cook: La cuisine végétale en 150 recettes rapides, inventives et pleines de saveurs	New	269.53	No		Yes	0	0	0	0	0	1249.51	0	0	0	0	0	0
BOOK-04.23-6,62-285180930X	X001RE2USV	285180930X	Le swing: Les repères techniques du haut niveau au service de tous les golfeurs	New	279.56	No		Yes	0	0	0	0	0	647.29	0	0	0	0	0	0
BOOK-04.23-6,62-2889357198	X001RE2VHL	2889357198	New York un siècle de photographies aériennes	New	324.30	No		Yes	0	0	0	0	0	2049.86	0	0	0	0	0	0
BOOK-04.23-6,93-2732471291	X001RDXJVT	2732471291	Les pieds sur terre: Mon encyclopédie de la nature, mois par mois	New	274.68	No		Yes	2	2	0	0	2	1759.97	0	0	0	0	0	0
BOOK-04.23-6-2810420440	X001RDQEGL	2810420440	Cuisine nikkei: La fusion food du Japon et de l'Amérique du Sud	New	247.00	No		Yes	0	0	0	0	0	1154.63	0	0	0	0	0	0
BOOK-04.23-7,04-2324022125	X001RDQEED	2324022125	Les plus beaux endroits pour marcher	New	313.29	No		Yes	2	2	0	0	2	2636.35	0	0	0	0	0	0
BOOK-04.23-7,04-B07DXQHPNP	X001RE2VO9	B07DXQHPNP	Surf trip : voyages et vagues autour du monde	New	271.35	No		Yes	0	0	0	0	0	1354.72	0	0	0	0	0	0
BOOK-04.23-7,63-2324022095	X001RE2U7R	2324022095	Woodstock	New	336.58	No		Yes	0	0	0	0	0	2511.65	0	0	0	0	0	0
BOOK-04.23-7,82-2263157077	X001RE2UX1	2263157077	Voiliers, les légendes du siècle	New	354.98	No		Yes	0	0	0	0	0	1520.72	0	0	0	0	0	0
BOOK-04.23-8,49-2324026201	X001RF76KR	2324026201	Alain Delon: Le dernier guépard	New	299.48	No		Yes	1	1	0	0	1	1683.61	0	0	0	0	0	0
BOOK-04.23-9,54-2324027380	X001RE2BR1	2324027380	Elle, 75 ans de photographies de mode: 75 ans de photos de mode	New	258.68	No		Yes	0	0	0	0	0	1939.57	0	0	0	0	0	0
CHAD-03.23-147,2-B07NW5VC23	X001QM4R7B	B07NW5VC23	Andis 802191 Ultraedge AGC Super Brushless Clipper, Burgundy	New	3354.54	No		Yes	0	0	0	0	0	5199.78	0	0	0	0	0	0
CHAD-03.23-19,52-B00063MRLG	X001QM5VRB	B00063MRLG	Andis UltraEdge No. 10 Blades, 7 FC	New	529.36	No		Yes	0	0	0	0	0	118.64	0	0	0	0	0	0
CHAD-03.23-3,12-B0088KHVEC	X001QM4R6R	B0088KHVEC	Red dingo Common Cat Collar, 12mm, Neck Size 20-32cm, S, Red	New	131.90	No		Yes	5	5	0	0	5	143.06	0	0	0	0	0	0
CHAD-03.23-4,4-B077GVJC37	X001QM4R7V	B077GVJC37	Exhibition Bracelet 15 x Adjustable Strap	New	152.98	No		Yes	0	0	0	0	0	327.25	0	0	0	0	0	0
CHAD-03.23-65,6-B003E77OEG	X001QM3GKP	B003E77OEG	Beeztees Skykennel number 3, 81 x 57 x 60 cm, grey	New	1766.10	No		Yes	12	11	1	0	12	174765.58	0	0	0	0	0	0
CHAD-03.23-7,92-B00589G9YY	X001QM31NR	B00589G9YY	Company of Animals Halti Dog Training Lead, Large, Black	New	125.75	No		Yes	0	0	0	0	0	1893.36	0	0	0	0	0	0
CHAD-03.23-8,16-B0002ASNAM	X001QM3GLJ	B0002ASNAM	Nylabone Dura Chew Extreme Tough Dog Tew Toy Ben, Chicken Flavour, XL, for Dogs Over 23 kg	New	256.61	No		Yes	2	2	0	0	2	1060.41	0	0	0	0	0	0
CHAD-05.23-119,9-B003E77OG4	X001SU9VVD	B003E77OG4	Beeztees 715566 Cat Carrier, 91 x 63 x 68 cm, Grey, Black	New	2651.90	No		Yes	0	0	0	0	0	230294.78	0	0	0	0	0	0
CHAD-05.23-15,82-B07GBL43QF	X001SORDT1	B07GBL43QF	Padded Dog Harness Cool Grey, S	New	384.00	No		Yes	2	2	0	0	2	1599.21	0	0	0	0	0	0
CHAD-05.23-17,19-B002SIVNA8	X001SOV15X	B002SIVNA8	EZYDOG DFD Life Vest | Life Vest Boating, Dog Friendly, Paddle Board, Superior Floatability, Rescue Handle	New	534.88	No		Yes	0	0	0	0	0	6779.16	0	0	0	0	0	0
CHAD-05.23-3,34-B001CMT4V6	X001SORD0P	B001CMT4V6	Red Dingo Buckles Dog Collar Plain, Purple, X-Small 12mm	New	112.24	No		Yes	0	0	0	0	0	110.61	0	0	0	0	0	0
CHAD-05.23-3,51-B004V2PH92	X001SOR88R	B004V2PH92	TRIXIE Pet Food, One Size, Multicolor	New	119.20	No		Yes	226	226	0	0	226	661.38	0	0	0	0	0	0
CHAD-05.23-4,02-B00SVAGH7G	X001SOR869	B00SVAGH7G	Ebi 608-415320 Europet Bernina Carbon Filter Refill for Mango Pet Water Dispenser, Pack of 2	New	171.29	No		Yes	0	0	0	0	0	412.46	0	0	0	0	0	0
CHAD-05.23-4,14-B0088VPCXI	X001SORDWN	B0088VPCXI	Red Dingo Reflective Cat Collar, One Size Fits All, Small, Red New	144.90	No		Yes	3	3	0	0	3	181.08	0	0	0	0	0	0
CHAD-05.23-4,86-B004GLGAXK	X001SOUDPH	B004GLGAXK	Bobby "porte-addresse" red leather cat collar New	165.96	No		Yes	0	0	0	0	0	16.55	0	0	0	0	0	0
CHAD-05.23-4,86-B005PX7Z5U	X001SOUDON	B005PX7Z5U	Bobby Portaddress Cat Collar Grey	New	151.58	No		Yes	0	0	0	0	0	119.95	0	0	0	0	0	0
CHAD-05.23-6,48-B005BOMK4Y	X001SOV149	B005BOMK4Y	Busy Buddy Bouncy Bone Chew Toy for Dogs, Bouncy Legs with Raw Skin Snack Rings, Dishwasher Safe, Size M	New	234.20	No		Yes	5	5	0	0	5	1674.27	0	0	0	0	0	0
CHAD-05.23-8,01-B003GKFCJA	X001SOUDQL	B003GKFCJA	Versele Laga premium bird food for Budgies 2.5kg single pack	New	280.53	No		Yes	0	0	0	0	0	7125.91	0	0	0	0	0	0
CHAD-05.23-9,37-B01LYAPC7Z	X001SOUDP7	B01LYAPC7Z	Flexi - Roller Leash Classic Cord - 5 m to 15 kg - Black - 1 piece	New	250.86	No		Yes	21	19	1	1	21	688.26	0	0	0	0	0	0
Chadog-oct.20-13,34-020	B0051H45GC	B0051H45GC	Baskerville Ultra Muzzle, Black, Size 5, 61520A	New	114.37	No		Yes	0	0	0	0	0	3670.05	0	0	0	0	0	0
EXOT-08.22-4,61-B008LF7AUE	X001MNAW1T	B008LF7AUE	Cantu Shea Butter for Natural Hair Coconut Milk Shine & Hold Mist 236ml	New	190.01	No		Yes	0	0	0	0	0	516.03	0	0	0	0	0	0
EXPO-11.21-6,33-2263162445	X001GXLJXP	2263162445	Les copains d'abord: 80 recettes faciles et conviviales	New	277.66	No		Yes	0	0	0	0	0	1520.06	0	0	0	0	0	0
EXPO-11.21-6,54-2732490369	X001GXLLBZ	2732490369	Woman: Le livre du film	New	245.90	No		Yes	17	17	0	0	17	1378.64	0	0	0	0	0	0
EXPO-avr.21-3,38-2365493890	X001DZ8FDN	2365493890	30 plats végé céto	New	144.40	No		Yes	0	0	0	0	0	279.07	0	0	0	0	0	0
Expodif-mai20-3,32-186	X0016K30UN	2849333948	La magie du Hygge - Mettez de la douceur nordique dans votre vie	New	162.35	No		Yes	1	1	0	0	1	653.68	0	0	0	0	0	0
LBM-03.23-1,45-B008LXZZ4E	X001QM9G77	B008LXZZ4E	Organic Style Olive Oil Styling Gel, Green, 236 ml	New	152.91	No		Yes	46	46	0	0	46	566.99	0	0	0	0	0	0
LBM-03.23-11,4-B005IXIID0	X001QM08FB	B005IXIID0	Crazy Colour Semi-Permanent Hair Colours 100 ml (Capri Blue)	New	346.61	No		Yes	0	0	0	0	0	910.14	0	0	0	0	0	0
LBM-03.23-11,4-B009M393GI	X001QM06CL	B009M393GI	Renbow - Crazy Colour - Semi-Permanent Hair Lotions, 100 ml, 4 Units	New	356.73	No		Yes	0	0	0	0	0	932.75	0	0	0	0	0	0
LBM-03.23-11,4-B009M395BG	X001QM08FV	B009M395BG	Crazy Colour Semi Permanent Hair Dye By Renbow Lilac No.55 (100ml) Box of 4 …	New	326.01	No		Yes	3	3	0	0	3	1003.22	0	0	0	0	0	0
LBM-03.23-11,4-B009M397AK	X001QM06EJ	B009M397AK	Crazy Colour Semi Permanent Hair Dye By Renbow Hot Purple No.62 (100 ml) Box of 4 …	New	362.75	No		Yes	0	0	0	0	0	1958.25	0	0	0	0	0	0
LBM-03.23-11,4-B009M398KY	X001QM08FL	B009M398KY	Crazy Colour Semi Permanent Hair Dye By Renbow Platinum No.28(100ml) Box of 4 …	New	347.31	No		Yes	3	3	0	0	3	915.05	0	0	0	0	0	0
LBM-03.23-11,4-B072ZWQ789	X001QM3AER	B072ZWQ789	4 X Crazy Color Renbow Semi-Permanent Hair Colour Cream Dye 100ml Box of Four-Ice Mauve …	New	349.70	No		Yes	1	1	0	0	1	949.79	0	0	0	0	0	0
LBM-03.23-2,4-B004X8KOEC	X001QM3AEH	B004X8KOEC	Eco Style Olive Oil Hair Wax, 473 ml	New	146.20	No		Yes	150	149	0	1	150	882.28	0	0	0	0	0	0
LBM-03.23-2,4-B00BFWOIPU	X001QM06DP	B00BFWOIPU	Eco Styler Styling Gel with Moroccan Argan Oil, Pack of 1 (1 x 473 ml)	New	146.20	No		Yes	11	11	0	0	11	1059.1	0	0	0	0	0	0
LBM-03.23-3,5-B001T8MJC4	X001QM08G5	B001T8MJC4	Eco Styler Curl & Wave Styling Gel, 946 ml	New	176.58	No		Yes	0	0	0	0	0	1853.7	0	0	0	0	0	0
LBM-03.23-4,2-B00DM4P678	X001QM9G6N	B00DM4P678	Mixa bebe shampoo demelant tres doux 2er (2 x 250 ml)	New	178.18	No		Yes	0	0	0	0	0	890.8	0	0	0	0	0	0
LBM-03.23-4-B01NB20C2V	X001QM06CV	B01NB20C2V	Eco Castor & Flaxseed Oil Gel 32 Oz.	New	174.07	No		Yes	15	15	0	0	15	1845.18	0	0	0	0	0	0
LBM-03.23-4-B075M9PJ4D	X001QM06E9	B075M9PJ4D	Eco Coconut Oil Gel 32 Oz.	New	190.62	No		Yes	0	0	0	0	0	2142.77	0	0	0	0	0	0
LBM-03.23-8,75-B002EQQ11K	X001QM06DZ	B002EQQ11K	Mizani Styling Coconut Souffle Hairdresser 226.8g	New	339.80	No		Yes	0	0	0	0	0	509.8	0	0	0	0	0	0
LBM-05.22-3,48-B00MUPR7E0	X001KK412Z	B00MUPR7E0	DABUR Amla Haaröl	New	144.30	No		Yes	0	0	0	0	0	454.09	0	0	0	0	0	0
LBM-05.22-3,84-B07DYYGK7V	X001KK16GJ	B07DYYGK7V	Schwarzkopf Got2B Ultra Glued Styling Gel - 150 ml	New	147.49	No		Yes	1	1	0	0	1	604.52	0	0	0	0	0	0
LBM-05.22-4,14-B01N9LDX7D	X001KK4125	B01N9LDX7D	Cantu Shea Butter for Natural Hair Sulfate Free Moisturiser Conditioner 400ml by Cantu	New	156.01	No		Yes	11	0	0	11	11	614.19	0	0	0	0	0	0
LBM-05.22-5,14-B01LTIAU7Y	X001KIKGCL	B01LTIAU7Y	Cantu Shea Butter for Natural Hair Moisturising Curl Activator Cream- 426Gm	New	169.58	No		Yes	1	0	1	0	1	605.17	0	0	0	0	0	0
LBM-09.22-3,76-B00QNQ75WG	X001N4NHX7	B00QNQ75WG	ORS Original Root Stimulator Hair Mayonnaise Conditioner Treatment for Damaged Hair 226.8g	New	162.11	No		Yes	0	0	0	0	0	422.46	0	0	0	0	0	0
LBM-09.22-5,76-B0178H2MFS	X001N4MSIH	B0178H2MFS	Cantu Natural Hair Wave Whip Curling Mousse 8.4oz by Cantu	New	428.55	No		Yes	10	10	0	0	10	2233.72	0	0	0	0	0	0
MORI-04.23-130-B07NW5LYCS	X001R8L0BZ	B07NW5LYCS	Andis 802194 Pet Mower, Black, 1pc	New	3351.91	No		Yes	0	0	0	0	0	4157.4	0	0	0	0	0	0
NOIS-04.23-10,74-B07NSMBVYS	X001RAJAZL	B07NSMBVYS	HALTI Head Collar	New	293.65	No		Yes	3	3	0	0	3	868.02	0	0	0	0	0	0
NOIS-04.23-12,74-B07Q7DSWF4	X001RAKPB9	B07Q7DSWF4	Halti Anti-Pull Harness No Pull Against Heavy Pull On The Leash, For Small, Medium And Large Dogs	New	374.90	No		Yes	1	1	0	0	1	1571.36	0	0	0	0	0	0
NOIS-04.23-2,02-B000OOCLAY	X001RAJB3H	B000OOCLAY	Dodu-Osun Tropical Naturals Soap, Black, 150 g	New	149.10	No		Yes	5	5	0	0	5	685.8	0	0	0	0	0	0
NOIS-04.23-26,59-B000CR1FHI	X001RAJE6L	B000CR1FHI	Oster CryogenX Pet Cut Blade, 6.3mm, Silver	New	636.11	No		Yes	2	2	0	0	2	175.83	0	0	0	0	0	0
NOIS-04.23-4,08-B005N75PPK	X001RANPB1	B005N75PPK	Miss Antilles Shampoo Revitalize Coconut 250ml	New	188.90	No		Yes	3	3	0	0	3	420.16	0	0	0	0	0	0
NOIS-04.23-8,26-B0058XX3BW	X001RANK3J	B0058XX3BW	Halti Head collar for dogs, black, size 0	New	266.81	No		Yes	7	7	0	0	7	797.56	0	0	0	0	0	0
ORNI-06.23-1,85-B004RATTUG	X001STH87N	B004RATTUG	Royal Canin Educ Training Freuden	New	85.96	No		Yes	0	0	0	0	0	339.7	0	0	0	0	0	0
ORNI-06.23-29,4-B0089C15XC	X001STG15N	B0089C15XC	Royal Canin Educ Training and Reward Snacks	New	738.68	No		Yes	0	0	0	0	0	9983.98	0	0	0	0	0	0
PHARMAM-01.22-4,5-B00OHVDP5K	X001I9TBTB	B00OHVDP5K	Royal Canin Educ 5 x 50 GR	New	185.45	No		Yes	0	0	0	0	0	1552.18	0	0	0	0	0	0
POWE-04.22-13,09-B07H7FK19F-2	X001S9PX93	B07H7FK19F	Hydralin Daily - to care for your privacy day by day - Set of 2 x 400ml	New	335.93	No		Yes	0	0	0	0	0	1910.9	0	0	0	0	0	0
PRAD-04.23-12,18-B00VFXDJK4	X001R99AD9	B00VFXDJK4	Akileïne Sports Nok Anti-Shaving Cream - Set of 3 Tubes of 75 ml	New	355.04	No		Yes	1	1	0	0	1	1051.07	0	0	0	0	0	0
SOCA-07.22-1,2-B082VQLVL2	X001LR0761	B082VQLVL2	Le Petit Marseillais hair conditioner without eclatta/vinegar with 3 flowers and almond milk, 200ml, 1pc	New	93.28	No		Yes	66	66	0	0	66	431.96	0	0	0	0	0	0
SOCA-07.22-9,96-B01K1P3JCY	X001LR0G7V	B01K1P3JCY	Calgon Express Anti-Limescale Ball	New	260.16	No		Yes	1	1	0	0	1	3634.16	0	0	0	0	0	0