sku	fnsku	asin	product-name	condition	your-price	mfn-listing-exists	mfn-fulfillable-quantity	afn-listing-exists	afn-warehouse-quantity	afn-fulfillable-quantity	afn-unsellable-quantity	afn-reserved-quantity	afn-total-quantity	per-unit-volume	afn-inbound-working-quantity	afn-inbound-shipped-quantity	afn-inbound-receiving-quantity	afn-researching-quantity	afn-reserved-future-supply	afn-future-supply-buyable	afn-fulfillable-quantity-local	afn-fulfillable-quantity-remote
BOOK-04.23-10-2732482544	X001RDQ8LR	2732482544	Un demi-siècle dans l'Himalaya	New	40.00	No		Yes	8	8	0	0	8	2643.07	0	0	0	0	0	0	8	0
BOOK-04.23-2,29-2747096424	X001RDQ94X	2747096424	Un livre	New	9.92	No		Yes	1	1	0	0	1	270.06	0	0	0	0	0	0	1	0
BOOK-04.23-2,93-2210558026	X001RE306H	2210558026	Outils pour les Maths CM1 (2011) - Livre de l'élève	New	12.00	No		Yes	0	0	0	0	0	533.07	0	0	0	0	0	0	0	0
BOOK-04.23-3,08-2408019230	X001RF3E8F	2408019230	Mon cahier de bêtises NE	New	13.99	No		Yes	0	0	0	0	0	1284.09	0	0	0	0	0	0	0	0
BOOK-04.23-3,09-274599218X	X001RE62FX	274599218X	Skate	New	11.56	No		Yes	1	1	0	0	1	808.54	0	0	0	0	0	0	1	0
BOOK-04.23-3,09-2813217433	X001RDSAY5	2813217433	Cette expérience inouïe qui a bouleversé ma vie	New	10.95	No		Yes	0	0	0	0	0	414.76	0	0	0	0	0	0	0	0
BOOK-04.23-3,16-2754075607	X001RFFL77	2754075607	La Grossesse pour les Nuls en BD	New	12.24	No		Yes	5	5	0	0	5	722.34	0	0	0	0	0	0	5	0
BOOK-04.23-3,42-2378011040	X001RDQCM7	2378011040	Bonjour chez vous, Monsieur Caca ! Le livre le plus bête du monde	New	11.97	No		Yes	1	1	0	0	1	577.97	0	0	0	0	0	0	1	0
BOOK-04.23-3,42-B07DXPQKKQ	X001RDQ8J9	B07DXPQKKQ	Les Fantômes d'Halloween, le roman du film 2	New	11.97	No		Yes	0	0	0	0	0	424.59	0	0	0	0	0	0	0	0
BOOK-04.23-3,7-B06Y3XV4JW	X001RDXJUP	B06Y3XV4JW	Je rayonne jour après jour: Un programme de coaching inédit pour transformer votre vie	New	14.90	No		Yes	4	4	0	0	4	1231.65	0	0	0	0	0	0	4	0
BOOK-04.23-3,92-2749916534	X001RDXIJR	2749916534	Le Journal d'Aurélie Laflamme - tome 7 Plein de secrets (7)	New	14.20	No		Yes	1	1	0	0	1	991.91	0	0	0	0	0	0	1	0
BOOK-04.23-4,12-2749930987	X001RE29HN	2749930987	Blue	New	14.47	No		Yes	0	0	0	0	0	619.43	0	0	0	0	0	0	0	0
BOOK-04.23-4,13-2849334545	X001RDXLML	2849334545	Coupe du Monde - 1930-2018	New	19.90	No		Yes	2	2	0	0	2	1367.99	0	0	0	0	0	0	2	0
BOOK-04.23-4,22-2749927250	X001RE62QR	2749927250	Les Héritiers d'Enkidiev - tome 11 Double allégeance	New	15.30	No		Yes	0	0	0	0	0	1048.77	0	0	0	0	0	0	0	0
BOOK-04.23-4,25-2081420805	X001RE29BJ	2081420805	Sauvez votre peau !: Devenez narcissique	New	17.90	No		Yes	0	0	0	0	0	512.75	0	0	0	0	0	0	0	0
BOOK-04.23-4,33-224685587X	X001RE2XN3	224685587X	La disparition de Josef Mengele - Prix Renaudot 2017	New	18.00	No		Yes	2	2	0	0	2	565.68	0	0	0	0	0	0	2	0
BOOK-04.23-4,34-B07T2DHD92	X001RE2TIR	B07T2DHD92	Les bizarres, Tome 01: Catastrophe à Huggabie City	New	13.13	No		Yes	1	1	0	0	1	539.95	0	0	0	0	0	0	1	0
BOOK-04.23-4,5-2813209287	X001RE2ULX	2813209287	Le guide des vrais compléments alimentaires - Naturels et efficaces - Toutes les maladies de A à Z	New	18.00	No		Yes	6	6	0	0	6	844.75	0	0	0	0	0	0	6	0
BOOK-04.23-4,54-2849333948	X001RDQ8RL	2849333948	La magie du Hygge - Mettez de la douceur nordique dans votre vie	New	14.23	No		Yes	0	0	0	0	0	653.68	0	0	0	0	0	0	0	0
BOOK-04.23-4,62-2813220256	X001RDXJWX	2813220256	L'Invité de l'au-delà	New	13.55	No		Yes	1	1	0	0	1	582.72	0	0	0	0	0	0	1	0
BOOK-04.23-4,62-2843194121	X001RE2U81	2843194121	Adultes surdoués et relations amoureuses - Comment vivre avec l'autre et savoir être heureux en coup	New	17.00	No		Yes	0	0	0	0	0	588.62	0	0	0	0	0	0	0	0
BOOK-04.23-4,62-284319413X	X001RDQ9MZ	284319413X	Hypersensibles - Le Labyrinthe des émotions	New	15.80	No		Yes	0	0	0	0	0	523.24	0	0	0	0	0	0	0	0
BOOK-04.23-4,67-2702914942	X001RE2AAJ	2702914942	Seconde chance	New	17.39	No		Yes	7	6	0	0	7	738.56	0	0	0	1	0	0	6	0
BOOK-04.23-4,67-2732485462	X001RE2ST7	2732485462	L'Homme qui tartinait une éponge	New	18.60	No		Yes	0	0	0	0	0	607.47	0	0	0	0	0	0	0	0
BOOK-04.23-4,67-275760340X	X001RDQC6N	275760340X	J'ai pas le temps de faire du sport: Des séances de 10 minutes sans matériel pour s'affiner et se muscler	New	14.42	No		Yes	0	0	0	0	0	776.91	0	0	0	0	0	0	0	0
BOOK-04.23-4,84-2823614079	X001RE2W7Z	2823614079	Le Regard féminin: Une révolution à l'écran	New	16.00	No		Yes	0	0	0	0	0	426.39	0	0	0	0	0	0	0	0
BOOK-04.23-4,92-2213705623	X001RE2SC9	2213705623	Jean-Luc Delarue: La star qui ne s'aimait pas	New	14.80	No		Yes	6	6	0	0	6	745.61	0	0	0	0	0	0	6	0
BOOK-04.23-4,92-2749925118	X001RE2V2V	2749925118	Métronome 2	New	14.80	No		Yes	2	2	0	0	2	1199.04	0	0	0	0	0	0	2	0
BOOK-04.23-4,92-2810426465	X001RDQGYB	2810426465	Diamant & Mauvais Karma (02)	New	14.80	No		Yes	0	0	0	0	0	1018.29	0	0	0	0	0	0	0	0
BOOK-04.23-4,93-2732470538	X001RDQ7VD	2732470538	Sophie express: 150 recettes en 15 minutes chrono, cuisson comprise!	New	25.45	No		Yes	0	0	0	0	0	1216.58	0	0	0	0	0	0	0	0
BOOK-04.23-4,93-2853276023	X001RDQ8CV	2853276023	Les exercices qui vous soignent, Tome 1	New	22.23	No		Yes	0	0	0	0	0	776.09	0	0	0	0	0	0	0	0
BOOK-04.23-4-B07D2TMYNZ	X001RE2AY5	B07D2TMYNZ	Escape Box Cthulhu - Escape game adulte de 3 à 6 joueurs - Dès 14 ans et adulte	New	15.35	No		Yes	0	0	0	0	0	3275.94	0	0	0	0	0	0	0	0
BOOK-04.23-5,12-2749155835	X001RE2DB5	2749155835	Le Guide anti-Alzheimer	New	19.00	No		Yes	1	1	0	0	1	998.46	0	0	0	0	0	0	1	0
BOOK-04.23-5,13-2702913504	X001RE2V4J	2702913504	Glorieuses possibilités	New	19.80	No		Yes	6	6	0	0	6	957.66	0	0	0	0	0	0	6	0
BOOK-04.23-5,27-2757603450	X001RE5QPP	2757603450	Les secrets de vos superpouvoirs	New	15.33	No		Yes	4	4	0	0	4	890.15	0	0	0	0	0	0	4	0
BOOK-04.23-5,42-2813219797	X001RDQ78V	2813219797	Un éléphant dans ma cuisine	New	15.56	No		Yes	3	3	0	0	3	827.55	0	0	0	0	0	0	3	0
BOOK-04.23-5,62-B072ZFY4CM	X001RE2BNF	B072ZFY4CM	Politique et société	New	20.50	No		Yes	0	0	0	0	0	1089.74	0	0	0	0	0	0	0	0
BOOK-04.23-5,7-281321633X	X001RDSAV3	281321633X	La vie secrète des plantes - Les liens physiques, émotionnels et spirituels	New	22.20	No		Yes	0	0	0	0	0	1324.57	0	0	0	0	0	0	0	0
BOOK-04.23-5,82-2221157877	X001RE5S4T	2221157877	Ghost in Love	New	16.16	No		Yes	6	6	0	0	6	954.22	0	0	0	0	0	0	6	0
BOOK-04.23-5,84-2843194261	X001RE31K7	2843194261	Le syndrome de la mouche contre la vitre	New	16.19	No		Yes	0	0	0	0	0	654.01	0	0	0	0	0	0	0	0
BOOK-04.23-5-2813217867	X001RE2D8X	2813217867	Cancer - Et si nos émotions pouvaient nous guérir ?	New	19.90	No		Yes	1	0	0	1	1	850.16	0	0	0	0	0	0	0	0
BOOK-04.23-6,13-2324017695	X001RDSE05	2324017695	Jean-Jacques Goldman - Sur ses traces	New	18.99	No		Yes	0	0	0	0	0	2141.63	0	0	0	0	0	0	0	0
BOOK-04.23-6,93-2732471291	X001RDXJVT	2732471291	Les Pieds sur Terre: Mon encyclopédie de la nature, mois par mois	New	20.10	No		Yes	2	2	0	0	2	1759.97	0	0	0	0	0	0	2	0
BOOK-04.23-7,04-2324022125	X001RDQEED	2324022125	Les plus beaux endroits pour marcher	New	24.44	No		Yes	2	2	0	0	2	2636.35	0	0	0	0	0	0	2	0
BOOK-04.23-8,49-2324026201	X001RF76KR	2324026201	Alain Delon: Le Dernier guépard	New	24.97	No		Yes	0	0	0	0	0	1683.61	0	0	0	0	0	0	0	0
BOOK-04.23-9,54-2324027380	X001RE2BR1	2324027380	Elle, 75 ans de photographies de mode	New	24.07	No		Yes	0	0	0	0	0	1939.57	0	0	0	0	0	0	0	0
CHAD-03.23-3,12-B0088KHVEC	X001QM4R6R	B0088KHVEC	Red Dingo Collier pour Chat Arêtes Rouge 20-32 12 mm	New	11.15	No		Yes	5	5	0	0	5	143.06	0	0	0	0	0	0	5	0
CHAD-03.23-65,6-B003E77OEG	X001QM3GKP	B003E77OEG	Beeztees Skykennel 3 IATA Caisse de Transport pour Chien de 13,5-22,5 kg Gris	New	156.53	No		Yes	12	11	1	0	12	147599.92	0	0	0	0	0	0	11	0
CHAD-03.23-8,16-B0002ASNAM	X001QM3GLJ	B0002ASNAM	Nylabone Jouet à mâcher résistant Dura, arôme poulet - Jouet à mâcher pour chiens à mâchouillage extrême - Très grand - Convient aux tout grande chiens pesant 23 kilos et plus	New	22.13	No		Yes	2	2	0	0	2	1060.41	0	0	0	0	0	0	2	0
CHAD-05.23-119,9-B003E77OG4	X001SU9VVD	B003E77OG4	Beeztees Skykennel 4 IATA Caisse de Transport pour Chien de 22,5-32 kg Gris	New	230.42	No		Yes	0	0	0	0	0	230294.78	0	0	0	0	0	0	0	0
CHAD-05.23-15,82-B07GBL43QF	X001SORDT1	B07GBL43QF	Red Dingo - Petral matelassée rouge Dingo	New	40.81	No		Yes	2	2	0	0	2	1599.21	0	0	0	0	0	0	2	0
CHAD-05.23-3,34-B001CMT4V6	X001SORD0P	B001CMT4V6	Red Dingo - lisse collier de chien	New	9.07	No		Yes	0	0	0	0	0	110.61	0	0	0	0	0	0	0	0
CHAD-05.23-3,51-B004V2PH92	X001SOR88R	B004V2PH92	Trixie Denta Fun Chewing Sticks with Chicken, 3 Sticks 140 g	New	10.31	No		Yes	226	226	0	0	226	1524	0	0	0	0	0	0	226	0
CHAD-05.23-4,14-B0088VPCXI	X001SORDWN	B0088VPCXI	Red Dingo - Collier chat réfléchissant	New	12.00	No		Yes	3	3	0	0	3	181.08	0	0	0	0	0	0	3	0
CHAD-05.23-4,3-B004TY1XT0	X001SOR69D	B004TY1XT0	Red Dingo Médaille pour Chien Ying Yang 38 mm	New	12.00	No		Yes	0	0	0	0	0	7.21	0	0	0	0	0	0	0	0
CHAD-05.23-5,2-B018QUNYY4	X001SORDWX	B018QUNYY4	Ladybel Eye Cleaner Soin des Yeux pour Chien 100 ML	New	17.79	No		Yes	0	0	0	0	0	267.76	0	0	0	0	0	0	0	0
CHAD-05.23-5,72-B0062MEVJ6	X001SOUDOX	B0062MEVJ6	Baguette Cible Company of Animals, Conception télescopique avec grande balle cible, accessoire pour chien pour le dressage au clicker et à l’agilité, apprentissage d’ordres et tours, adapté aux chiens	New	15.79	No		Yes	0	0	0	0	0	301.85	0	0	0	0	0	0	0	0
CHAD-05.23-6,48-B005BOMK4Y	X001SOV149	B005BOMK4Y	PetSafe - Jouet à mâcher pour Chien Busy Buddy Bouncy Bone Jouet 3-en-1 - Os, Balle et Friandise – Pour les grands machouilleurs - Durable et Résistant - Idéal pour les chiens de taille moyenne - M	New	19.00	No		Yes	5	5	0	0	5	1664.76	0	0	0	0	0	0	5	0
CHAD-05.23-9,37-B01LYAPC7Z	X001SOUDP7	B01LYAPC7Z	Flexi nouvelle ceinture classique 5 m de S, noir	New	23.03	No		Yes	13	12	1	0	13	688.26	0	0	0	0	0	0	12	0
EXOT-08.22-3,75-B003E7UNE4	X001MFGU4Z	B003E7UNE4	Eco Styler Olive Oil Styling Gel 946 ml	New	17.90	No		Yes	118	117	0	1	118	1765.87	0	0	0	0	0	0	117	0
EXOT-08.22-4,61-B008LF7AUE	X001MNAW1T	B008LF7AUE	Cantu Shea Butter for Natural Hair Coconut Oil Shine & Hold Mist 237 ml	New	16.97	No		Yes	0	0	0	0	0	424.42	0	0	0	0	0	0	0	0
EXOT-09.22-2,99-08717931602266	X001Y6DI0L	B06XCM4QLZ	Yari natural garlic oil 250 ml	New	12.00	No		Yes	0	0	0	0	0	-16.39	0	0	0	0	0	0	0	0
EXOT-09.22-2,99-8717931602266	X001Y6C6XL	B06XCM4QLZ	Yari natural garlic oil 250 ml	New	12.00	No		Yes	0	0	0	0	0	-16.39	0	0	0	0	0	0	0	0
EXPO-11.21-6,33-2263162445	X001GXLJXP	2263162445	Les copains d'abord	New	25.72	No		Yes	1	0	1	0	1	1520.06	0	0	0	0	0	0	0	0
EXPO-11.21-6,54-2732490369	X001GXLLBZ	2732490369	Woman: Le Livre du film	New	23.75	No		Yes	17	17	0	0	17	1378.64	0	0	0	0	0	0	17	0
EXPO-11.21-7,91-2324027186	X001GXJHP7	2324027186	Dictionnaire amoureux illustré des Jardins	New	28.72	No		Yes	0	0	0	0	0	1837.48	0	0	0	0	0	0	0	0
EXPO-avr.21-3,38-2365493890	X001DZ8FDN	2365493890	30 plats végé céto	New	12.90	No		Yes	0	0	0	0	0	279.07	0	0	0	0	0	0	0	0
LBM-03.22-5,16-B00MUQCGIQ	X001JMJBFL	B00MUQCGIQ	Mixa Bébé Lait de Toilette Très Doux 250 ml - Lot de 2	New	0.00	No		Yes	8	8	0	0	8	737.09	0	0	0	0	0	0	8	0
LBM-03.23-1,45-B008LXZZ4E	X001QM9G77	B008LXZZ4E	eco styler gel oliver oil 236ml	New	11.31	No		Yes	46	46	0	0	46	461.46	0	0	0	0	0	0	46	0
LBM-03.23-11,4-B009M393GI	X001QM06CL	B009M393GI	Crazy Color Couleur/ Dye de cheveux semi-permanent 100ml Aubergine	New	31.79	No		Yes	0	0	0	0	0	932.75	0	0	0	0	0	0	0	0
LBM-03.23-11,4-B009M395BG	X001QM08FV	B009M395BG	Nouveau! Nuelle Triple Action anti-cellulite Fermeté Concentré (Firming Concentrate), 150 ml	New	30.46	No		Yes	3	3	0	0	3	1003.22	0	0	0	0	0	0	3	0
LBM-03.23-11,4-B009M398KY	X001QM08FL	B009M398KY	Crazy Colour Semi Permanent Hair Dye By Renbow Platinum No.28(100ml) Box of 4	New	30.46	No		Yes	2	2	0	0	2	915.05	0	0	0	0	0	0	2	0
LBM-03.23-11,4-B018TP1UZG	X001QM9G6D	B018TP1UZG	Crazy Color Couleur/ Dye de cheveux semi-permanent 4x100ml Rouge	New	32.49	No		Yes	0	0	0	0	0	2079.19	0	0	0	0	0	0	0	0
LBM-03.23-11,4-B072ZWQ789	X001QM3AER	B072ZWQ789	4 X Crazy Color Renbow Semi-Permanent Hair Colour Cream Dye 100ml Box of Four-Ice Mauve	New	32.49	No		Yes	1	1	0	0	1	949.79	0	0	0	0	0	0	1	0
LBM-03.23-2,4-B004X8KOEC	X001QM3AEH	B004X8KOEC	Gel coiffant à l'huile d'olive Ecostyle, tenue toute la journée, sans alcool & paraben, sans sulfate & desquamation, anti-démangeaisons, 473 ml	New	15.06	No		Yes	150	150	0	0	150	2347.12	0	0	0	0	0	0	150	0
LBM-03.23-2,4-B00BFWOIPU	X001QM06DP	B00BFWOIPU	Eco Styler Gel coiffant avec huile d’argan marocaine, 473 ml,	New	15.06	No		Yes	11	11	0	0	11	2711.73	0	0	0	0	0	0	11	0
LBM-03.23-4-B01NB20C2V	X001QM06CV	B01NB20C2V	ECO Gel Tenue Extra Black Castor/Huile de Lin 946 ml	New	17.77	No		Yes	14	14	0	0	14	2184.56	0	0	0	0	0	0	14	0
LBM-03.23-8,75-B002EQQ11K	X001QM06DZ	B002EQQ11K	MIZANI O Miz Coconut Souffle Soins 226.8 g	New	29.00	No		Yes	0	0	0	0	0	509.8	0	0	0	0	0	0	0	0
LBM-05.22-3,84-B07DYYGK7V	X001KK16GJ	B07DYYGK7V	Got2b Ultra Collé Noir 150ml	New	14.22	No		Yes	76	76	0	0	76	604.52	0	0	0	0	0	0	76	0
LBM-05.22-4,14-B01N9LDX7D	X001KK4125	B01N9LDX7D	Cantu Shea Butter For Natural Hair Sulfate Free Hydrating Cream Conditioner 400ml by Cantu	New	14.58	No		Yes	42	42	0	0	42	614.19	0	0	0	0	0	0	42	0
LBM-05.22-5,14-B01LTIAU7Y	X001KIKGCL	B01LTIAU7Y	Cantu Le beurre de karité pour la crème Activator Curl Hydratante cheveux naturels, 12 Ounce	New	15.58	No		Yes	0	0	0	0	0	602.88	0	0	0	0	0	0	0	0
LBM-09.22-3,59-B085W3Y478	X001N4Q8Y7	B01A90YRJA	Cantu Care For Kids Après-shampooing démêlant doux pour cheveux texturés - 177 ml	New	13.91	No		Yes	81	80	0	1	81	338.23	0	0	0	0	0	0	80	0
LBM-09.22-3,76-B00QNQ75WG	X001N4NHX7	B00QNQ75WG	ORS Original Root Stimulator Hair Mayonnaise Traitement revitalisant pour cheveux abîmés 226,8 g	New	17.07	No		Yes	11	5	0	5	11	422.46	0	0	0	1	0	0	5	0
LBM-09.22-5,7-B001T8HRUI	X001N4NHVT	B001T8HRUI	Luster's Kit Couleur Assouplissement et Soin Nourrissant Short Looks Colorlaxer 3-en-1 Couleur Noir Semi-Permanente	New	17.80	No		Yes	12	11	0	1	12	1334.73	0	0	0	0	0	0	11	0
LBM-09.22-5,76-B0178H2MFS	X001N4MSIH	B0178H2MFS	Cantu Natural Hair Wave Whip Curling Mousse 8.4oz by Cantu	New	35.80	No		Yes	10	10	0	0	10	2233.72	0	0	0	0	0	0	10	0
LBM-11.22-5,13-B000VXG3XY	X001OBKL6F	B000VXG3XY	Avlon Keracare 1st Lather Shampoo , 240ml	New	16.37	No		Yes	1	1	0	0	1	419.51	0	0	0	0	0	0	1	0
MORI-04.23-130-B07NW5LYCS	X001R8L0BZ	B07NW5LYCS	Etest Machine AGC2 / 2 vitesse noir GATB	New	361.67	No		Yes	0	0	0	0	0	4157.4	0	0	0	0	0	0	0	0
NOIS-04.23-10,74-B07NSMBVYS	X001RAJAZL	B07NSMBVYS	Harnais anti-traction HALTI, Taille S, Pour que votre chien arrête de tirer sur sa laisse, Réfléchissant sangle de poitrail et des pattes avant rembourrée, Harnais de anti-traction pour petits chiens	New	26.42	No		Yes	0	0	0	0	0	868.02	0	0	0	0	0	0	0	0
NOIS-04.23-12,74-B07Q7DSWF4	X001RAKPB9	B07Q7DSWF4	Harnais anti-traction HALTI, Taille L, Pour que votre grand chien arrête de tirer sur sa laisse, Réfléchissant sangle de poitrail et des pattes avant rembourrée	New	31.04	No		Yes	0	0	0	0	0	1571.36	0	0	0	0	0	0	0	0
NOIS-04.23-2,02-B000OOCLAY	X001RAJB3H	B000OOCLAY	Tropical Naturals Dudu Osun Savon Noir 150 g	New	11.14	No		Yes	5	5	0	0	5	685.8	0	0	0	0	0	0	5	0
NOIS-04.23-26,59-B000CR1FHI	X001RAJE6L	B000CR1FHI	Oster Tête de Coupe pour Chien Nr.5 F L 6,3 mm	New	52.81	No		Yes	2	2	0	0	2	175.83	0	0	0	0	0	0	2	0
NOIS-04.23-4,08-B005N75PPK	X001RANPB1	B005N75PPK	Miss Antilles International Shampooing Revitalisant Coco 250 ml	New	15.28	No		Yes	3	3	0	0	3	420.16	0	0	0	0	0	0	3	0
NOIS-04.23-8,26-B0058XX3BW	X001RANK3J	B0058XX3BW	Licol HALTI, Taille 0, Noir, Pour que votre chien arrête de tirer sur sa laisse, Facile à enfiler, Partie entièrement matelassée sur le museau, Réglable, Colliers anti-traction pour petits chiens	New	22.04	No		Yes	7	7	0	0	7	797.56	0	0	0	0	0	0	7	0
ORNI-06.23-1,85-B004RATTUG	X001STH87N	B004RATTUG	Royal Canin Educ Gâteries de soutien nutritionnel	New	8.21	No		Yes	0	0	0	0	0	339.7	0	0	0	0	0	0	0	0
ORNI-06.23-29,4-B005LH2FA0	X001STFWVR	B005LH2FA0	ROYAL CANIN Educ Dry Mix Lot de 30 croquettes pour Chien 50 g	New	62.24	No		Yes	0	0	0	0	0	7799.26	0	0	0	0	0	0	0	0
PASS-04.22-2,88-B07J5CP6SC	X001JUIZ5Z	B07J5CP6SC	Labello Baumes à lèvres Peach Shine 4,8 g	New	9.00	No		Yes	10	8	0	1	10	282.19	0	0	0	1	0	0	8	0
PRAD-04.23-12,18-B00VFXDJK4	X001R99AD9	B00VFXDJK4	SPORTS AKILEÏNE® - NOK - Crema antirrozaduras - Prevención de Ampollas e Irritaciones - Formato 3x75ml	New	31.99	No		Yes	1	1	0	0	1	1051.07	0	0	0	0	0	0	1	0
SOCA-07.22-1,2-B082VQLVL2	X001LR0761	B082VQLVL2	Le Petit Marseillais Après-shampoing Cheveux Ternes sans Eclats / Vinaigre de 3 Fleurs et Lait D'amande Tube 200 ml	New	9.12	No		Yes	64	64	0	0	64	431.96	0	0	0	0	0	0	64	0
SOCA-07.22-9,96-B01K1P3JCY	X001LR0G7V	B01K1P3JCY	Calgon Pastilles 3en1 Anticalcaire Nettoyant Lave-Linge (17 Tablettes - Lot de 2)	New	23.87	No		Yes	1	1	0	0	1	2512.79	0	0	0	0	0	0	1	0