afnRemovalOrderDetailId,afnRemovalOrderId,skuId,fnsku,disposition,requestedQuantity,cancelledQuantity,disposedQuantity,shippedQuantity,inProcessQuantity,removalFee,currency
,1,3726,X001LR0G7V,Sellable,1,0,,0,1,,
,1,3806,X001QM06CV,Sellable,14,0,,0,14,,
,1,3808,X001QM06DP,Sellable,10,0,,0,10,,
,1,3815,X001QM08FL,Sellable,2,0,,0,2,,
,1,3813,X001QM08FV,Sellable,1,0,,0,1,,
,1,3809,X001QM3AEH,Sellable,150,0,,0,150,,
,1,3786,X001QM3GLJ,Sellable,2,0,,2,0,,
,1,4019,X001RAJE6L,Sellable,2,0,,2,0,,
,1,4021,X001RANPB1,Sellable,3,0,,3,0,,
,1,3893,X001RDXIJR,Sellable,1,0,,1,0,,
,2,3527,X001GXLJXP,Unsellable,1,0,,1,0,2.83,EUR
,2,4053,X001SOUDP7,Unsellable,1,0,,1,0,0.67,EUR
,3,3655,X001KK4125,Sellable,1,0,,1,0,0.67,EUR
,4,3640,X001KIKGCL,Unsellable,1,0,,1,0,0.39,EUR
,5,3655,X001KK4125,Sellable,8,0,,8,0,4.72,EUR
,5,3730,X001MFGU4Z,Sellable,5,0,,5,0,3.90,EUR
,5,3730,X001MFGU4Z,Sellable,1,0,,1,0,1.26,EUR
,5,3783,X001OBKL6F,Sellable,3,0,,3,0,1.77,EUR
,6,3640,X001KIKGCL,Unsellable,1,0,,1,0,0.39,EUR
,6,3788,X001QM3GKP,Unsellable,1,0,,1,0,7.92,EUR
,6,3881,X001RE2AAJ,Unsellable,1,0,,1,0,0.59,EUR
,6,4053,X001SOUDP7,Unsellable,1,0,,1,0,0.59,EUR
,7,3659,X001KK16GJ,Sellable,1,0,,1,0,0.41,EUR
,8,3950,X001RDSAV3,Unsellable,1,0,,1,0,1.26,EUR
,9,3655,X001KK4125,Sellable,11,11,,0,0,,
,9,3730,X001MFGU4Z,Sellable,4,4,,0,0,,
,9,3781,X001N4NHVT,Sellable,1,0,,1,0,0.59,EUR
,9,3779,X001N4Q8Y7,Sellable,3,0,,3,0,1.77,EUR
,9,3783,X001OBKL6F,Sellable,2,2,,0,0,,
,10,3779,X001N4Q8Y7,Unsellable,1,0,,1,0,0.59,EUR
,10,3950,X001RDSAV3,Unsellable,1,1,,0,0,,
,10,3881,X001RE2AAJ,Unsellable,1,0,,1,0,0.59,EUR
,11,1804,X0016K00BF,Sellable,1,1,,0,0,,
,11,3659,X001KK16GJ,Sellable,264,0,,264,0,108.24,EUR
,11,3655,X001KK4125,Sellable,51,15,,36,0,21.24,EUR
,11,3730,X001MFGU4Z,Sellable,117,1,,116,0,146.16,EUR
,11,3781,X001N4NHVT,Sellable,25,0,,25,0,14.75,EUR
,11,3780,X001N4NHX7,Sellable,22,0,,22,0,12.98,EUR
,11,3779,X001N4Q8Y7,Sellable,105,4,,101,0,59.59,EUR
,12,3779,X001N4Q8Y7,Unsellable,1,1,,0,0,,
,12,4026,X001RAHDX7,Unsellable,1,0,,1,0,1.00,EUR
,12,3935,X001RDQ94X,Unsellable,1,0,,1,0,1.00,EUR
,12,3950,X001RDSAV3,Unsellable,1,1,,0,0,,
,12,3913,X001RDXKDV,Unsellable,1,0,,1,0,0.78,EUR
,12,3883,X001RE2A9Z,Unsellable,1,0,,1,0,0.39,EUR
,12,3881,X001RE2AAJ,Unsellable,1,1,,0,0,,
,12,3849,X001RE5R09,Unsellable,1,0,,1,0,0.78,EUR
,15,3734,X001MNARR3,Sellable,32,0,,32,0,18.88,EUR
,15,3735,X001MNAW1T,Sellable,28,0,,28,0,16.52,EUR
,16,3650,X001KK412Z,Unsellable,9,0,,9,0,5.31,EUR
,16,3803,X001QM3GLT,Unsellable,1,0,,1,0,0.29,EUR
,16,3945,X001RDQDOJ,Unsellable,1,0,,1,0,1.54,EUR
,16,3950,X001RDSAV3,Unsellable,1,1,,0,0,,
,16,3881,X001RE2AAJ,Unsellable,1,1,,0,0,,
,17,3650,X001KK412Z,Unsellable,6,1,,5,0,2.95,EUR
,18,3728,X001LR0761,Sellable,1,0,,1,0,0.41,EUR
,19,3797,X001QM4R71,Unsellable,1,0,,1,0,0.29,EUR
,19,4024,X001RAJAZL,Unsellable,1,0,,1,0,0.65,EUR
,19,3950,X001RDSAV3,Unsellable,1,1,,0,0,,
,19,3977,X001RDXK95,Unsellable,1,1,,0,0,,
,19,3881,X001RE2AAJ,Unsellable,1,1,,0,0,,
,19,3855,X001RE2DGP,Unsellable,1,0,,1,0,2.00,EUR
,19,3957,X001RE2TGT,Unsellable,1,0,,1,0,0.39,EUR
,20,3709,X001KV12KD,Sellable,43,0,,43,0,17.63,EUR
,20,3727,X001LQYH3L,Sellable,6,0,,6,0,7.56,EUR
,20,3725,X001LQYH45,Sellable,9,0,,9,0,21.42,EUR
,20,3728,X001LR0761,Sellable,89,0,,89,0,36.49,EUR
,20,3723,X001LR079X,Sellable,22,0,,22,0,12.98,EUR
,20,3724,X001LR0D9R,Sellable,9,0,,9,0,21.42,EUR
,20,3726,X001LR0G7V,Sellable,76,0,,76,0,95.76,EUR
,21,3940,X001RDQEGL,Unsellable,1,0,,1,0,0.78,EUR
,21,3950,X001RDSAV3,Unsellable,1,1,,0,0,,
,21,3881,X001RE2AAJ,Unsellable,1,1,,0,0,,
,21,3920,X001RE2UX1,Unsellable,1,0,,1,0,1.54,EUR
,22,3976,X001RDSBSP,Unsellable,1,0,,1,0,0.39,EUR
,22,3913,X001RDXKDV,Unsellable,2,0,,2,0,1.56,EUR
,22,3881,X001RE2AAJ,Unsellable,1,1,,0,0,,
,22,3996,X001RF3C69,Unsellable,1,0,,1,0,0.39,EUR
,23,3837,X001RDQEPR,Unsellable,1,0,,1,0,1.00,EUR
,23,3881,X001RE2AAJ,Unsellable,1,1,,0,0,,
,24,3812,X001QM06BR,Unsellable,9,0,,9,0,5.31,EUR
,25,3389,X001FVI7LP,Unsellable,1,0,,1,0,1.00,EUR
,25,3730,X001MFGU4Z,Unsellable,1,0,,1,0,2.00,EUR
,26,3659,X001KK16GJ,Unsellable,1,0,,1,0,0.65,EUR
,26,3730,X001MFGU4Z,Unsellable,1,0,,1,0,2.00,EUR
,27,3540,X001GLFRIZ,Sellable,2,0,,2,0,0.58,EUR
,28,1654,X0016K311L,Unsellable,1,0,,1,0,0.78,EUR
,28,3516,X001GXJHPR,Unsellable,1,0,,1,0,4.00,EUR
,29,1654,X0016K311L,Unsellable,1,1,,0,0,,
,29,3742,X001MNARKF,Unsellable,1,0,,1,0,0.00,EUR
,30,3116,B005D4O0LS,Sellable,2,0,,2,0,1.30,EUR
,30,3117,B005D4O0OA,Sellable,1,0,,1,0,0.65,EUR
,30,674,X0011M6LDJ,Sellable,1,0,,1,0,1.00,EUR
,30,886,X0011PA0ER,Sellable,1,0,,1,0,1.00,EUR
,30,913,X0013CERFL,Sellable,1,0,,1,0,0.78,EUR
,30,959,X0013CEYGN,Sellable,1,0,,1,0,1.54,EUR
,30,976,X0013CFHJB,Sellable,1,0,,1,0,0.78,EUR
,30,1167,X0013LDLM7,Sellable,1,0,,1,0,0.39,EUR
,30,996,X0013LDMB7,Sellable,1,0,,1,0,0.78,EUR
,30,1169,X0013LDMBR,Sellable,1,0,,1,0,1.54,EUR
,30,1081,X0013LFPBR,Sellable,1,0,,1,0,0.39,EUR
,30,1051,X0013LFPFN,Sellable,1,0,,1,0,0.78,EUR
,30,1064,X0013LFPFX,Sellable,1,0,,1,0,0.39,EUR
,30,1122,X0013LGHL9,Sellable,1,0,,1,0,4.00,EUR
,30,1122,X0013LGHL9,Sellable,1,0,,1,0,1.54,EUR
,30,1195,X0013LGHNH,Sellable,1,0,,1,0,4.00,EUR
,30,1123,X0013LGIPJ,Sellable,2,0,,2,0,4.22,EUR
,30,1206,X0013V7O11,Sellable,1,0,,1,0,0.29,EUR
,30,1224,X0013VD965,Sellable,1,0,,1,0,0.65,EUR
,30,1246,X00142GBU9,Sellable,1,0,,1,0,1.00,EUR
,30,1381,X0014MYL2T,Sellable,1,0,,1,0,1.54,EUR
,30,1309,X0014N1ATF,Sellable,1,0,,1,0,1.00,EUR
,30,1471,X0014N1P4F,Sellable,1,0,,1,0,2.00,EUR
,30,1279,X0014N2SFF,Sellable,1,0,,1,0,2.00,EUR
,30,1366,X0014N2SHD,Sellable,1,0,,1,0,0.78,EUR
,30,1330,X0014N375P,Sellable,1,0,,1,0,0.39,EUR
,30,1365,X0014N378H,Sellable,1,0,,1,0,0.78,EUR
,30,1397,X0014N37AP,Sellable,1,0,,1,0,0.29,EUR
,30,1529,X00151MBKX,Sellable,1,0,,1,0,2.00,EUR
,30,1845,X0016JVA8D,Sellable,1,0,,1,0,1.00,EUR
,30,1723,X0016JVAHJ,Sellable,1,0,,1,0,0.29,EUR
,30,1603,X0016JVAIX,Sellable,1,0,,1,0,0.78,EUR
,30,1623,X0016JVAOR,Sellable,1,0,,1,0,0.39,EUR
,30,1702,X0016JVAPB,Sellable,1,0,,1,0,0.39,EUR
,30,2016,X0016JVAQ5,Sellable,1,0,,1,0,0.39,EUR
,30,1591,X0016K00DN,Sellable,1,0,,1,0,0.39,EUR
,30,1863,X0016K02WR,Sellable,1,0,,1,0,1.00,EUR
,30,1612,X0016K3175,Sellable,1,0,,1,0,0.65,EUR
,30,1887,X0016K4GO7,Sellable,1,0,,1,0,1.00,EUR
,30,2202,X00173L2GX,Sellable,1,0,,1,0,0.29,EUR
,30,2068,X00173UKO3,Sellable,3,0,,3,0,1.17,EUR
,30,2232,X00173UKRF,Sellable,1,0,,1,0,0.39,EUR
,30,2108,X00173UKST,Sellable,1,0,,1,0,0.78,EUR
,30,2211,X00173UKTX,Sellable,1,0,,1,0,0.29,EUR
,30,2188,X00173UKVV,Sellable,1,0,,1,0,0.39,EUR
,30,2097,X00173UKX9,Sellable,1,0,,1,0,0.39,EUR
,30,2200,X00173VKMJ,Sellable,1,0,,1,0,0.39,EUR
,30,2237,X00173VKOR,Sellable,1,0,,1,0,0.39,EUR
,30,2219,X00173VKPL,Sellable,1,0,,1,0,0.29,EUR
,30,2199,X00173VL73,Sellable,1,0,,1,0,0.39,EUR
,30,2247,X00176Z2Q1,Sellable,2,0,,2,0,0.58,EUR
,30,2371,X0017KFY0L,Sellable,1,0,,1,0,0.39,EUR
,30,2345,X0017KHV6V,Sellable,2,0,,2,0,0.58,EUR
,30,2388,X0017KHVC5,Sellable,1,0,,1,0,0.78,EUR
,30,2343,X0017KI057,Sellable,1,0,,1,0,0.39,EUR
,30,2309,X0017KI06L,Sellable,1,0,,1,0,0.39,EUR
,30,2374,X0017KI0BV,Sellable,1,0,,1,0,0.39,EUR
,30,2611,X0017KIJZX,Sellable,1,0,,1,0,0.39,EUR
,30,2500,X0017KIK39,Sellable,1,0,,1,0,0.39,EUR
,30,2402,X0017KIK4D,Sellable,1,0,,1,0,0.39,EUR
,30,2265,X0017KIK7F,Sellable,1,0,,1,0,0.78,EUR
,30,2311,X0017KIKD9,Sellable,1,0,,1,0,0.39,EUR
,30,2459,X0017KIKQV,Sellable,1,0,,1,0,0.39,EUR
,30,2493,X0017KIKVB,Sellable,1,0,,1,0,0.39,EUR
,30,2496,X0017KIKWF,Sellable,1,0,,1,0,0.39,EUR
,30,2633,X0017M7RJF,Sellable,1,0,,1,0,0.39,EUR
,30,2655,X0017MG7H3,Sellable,1,0,,1,0,0.39,EUR
,30,2658,X0017NX8J7,Sellable,1,0,,1,0,0.65,EUR
,30,2660,X0017TCSLF,Sellable,2,0,,2,0,2.00,EUR
,30,2759,X00187692F,Sellable,1,0,,1,0,0.39,EUR
,30,2818,X001876THF,Sellable,1,0,,1,0,0.78,EUR
,30,2836,X001877YPB,Sellable,1,0,,1,0,0.78,EUR
,30,2844,X001878AEF,Sellable,1,0,,1,0,0.39,EUR
,30,2845,X001878EI7,Sellable,1,0,,1,0,0.39,EUR
,30,2853,X00187GJW5,Sellable,1,0,,1,0,0.39,EUR
,30,2967,X0018FKIXX,Sellable,2,0,,2,0,0.78,EUR
,30,2935,X0018FKJ2X,Sellable,2,0,,2,0,1.56,EUR
,30,2876,X0018FKJAP,Sellable,2,0,,2,0,3.08,EUR
,30,2992,X0018FKJC3,Sellable,1,0,,1,0,0.78,EUR
,30,2902,X0018FKJHN,Sellable,1,0,,1,0,0.39,EUR
,30,2988,X0018FKJO1,Sellable,1,0,,1,0,0.78,EUR
,30,2981,X0018FM0R5,Sellable,1,0,,1,0,0.78,EUR
,30,3002,X0018PL4Y5,Sellable,1,0,,1,0,0.65,EUR
,30,3058,X0018XLFP5,Sellable,1,0,,1,0,0.39,EUR
,30,3056,X0018XLFR3,Sellable,1,0,,1,0,0.39,EUR
,30,3006,X0018XLFSR,Sellable,1,0,,1,0,0.39,EUR
,30,3063,X0018XMV49,Sellable,1,0,,1,0,0.78,EUR
,30,3032,X0018XNTO5,Sellable,1,0,,1,0,0.78,EUR
,30,3098,X0018XPSYJ,Sellable,1,0,,1,0,0.39,EUR
,30,3031,X0018XPT07,Sellable,1,0,,1,0,1.00,EUR
,30,3062,X0018XPT0R,Sellable,1,0,,1,0,0.78,EUR
,30,3167,X0019CBXLB,Sellable,1,0,,1,0,0.78,EUR
,30,3140,X0019CBYUV,Sellable,1,0,,1,0,0.39,EUR
,30,3133,X0019CBZCD,Sellable,1,0,,1,0,0.39,EUR
,30,3191,X0019CBZF5,Sellable,1,0,,1,0,0.78,EUR
,30,3273,X0019CBZKF,Sellable,1,0,,1,0,0.78,EUR
,30,3265,X0019CDJH7,Sellable,1,0,,1,0,0.78,EUR
,30,3232,X0019CDJIB,Sellable,1,0,,1,0,0.78,EUR
,30,3269,X0019CDJJ5,Sellable,3,0,,3,0,2.34,EUR
,30,3257,X0019CDJJF,Sellable,1,0,,1,0,0.39,EUR
,30,3260,X0019CDJJP,Sellable,1,0,,1,0,0.39,EUR
,30,3249,X0019CESSV,Sellable,1,0,,1,0,0.78,EUR
,30,3274,X0019CESTZ,Sellable,3,0,,3,0,1.17,EUR
,30,3293,X0019MZHQD,Sellable,5,0,,5,0,1.45,EUR
,30,3360,X001DZ73F9,Sellable,1,0,,1,0,1.54,EUR
,30,3377,X001DZ7F9N,Sellable,1,0,,1,0,1.54,EUR
,30,3343,X001DZ7FAH,Sellable,1,0,,1,0,0.39,EUR
,30,3349,X001DZ7FEX,Sellable,2,0,,2,0,1.56,EUR
,30,3389,X001FVI7LP,Sellable,1,0,,1,0,0.39,EUR
,30,3416,X001FVIVST,Sellable,3,0,,3,0,2.34,EUR
,30,3440,X001FVIVT3,Sellable,1,0,,1,0,0.78,EUR
,30,3540,X001GLFRIZ,Sellable,1,0,,1,0,0.29,EUR
,30,3505,X001GXLLE7,Sellable,1,0,,1,0,1.54,EUR
,30,3489,X001GXMDGH,Sellable,2,0,,2,0,1.56,EUR
,30,3561,X001HA938F,Sellable,3,0,,3,0,4.62,EUR
,30,3585,X001HA94V1,Sellable,1,0,,1,0,0.39,EUR
,30,3583,X001HA94VL,Sellable,1,0,,1,0,0.39,EUR
,30,3571,X001HABPNL,Sellable,1,0,,1,0,0.78,EUR
,30,3569,X001HABPOF,Sellable,1,0,,1,0,0.29,EUR
,30,3582,X001HABPOZ,Sellable,3,0,,3,0,2.34,EUR
,30,3564,X001HABPPT,Sellable,5,0,,5,0,1.95,EUR
,30,3567,X001HACUOJ,Sellable,2,0,,2,0,1.56,EUR
,30,3575,X001HACUP3,Sellable,1,0,,1,0,0.78,EUR
,30,3769,X001HTMSE7,Sellable,2,0,,2,0,0.78,EUR
,30,3767,X001HTMTNR,Sellable,5,0,,5,0,7.70,EUR
,30,3766,X001HTMTOB,Sellable,3,0,,3,0,1.17,EUR
,30,3754,X001HTSS55,Sellable,4,0,,4,0,3.12,EUR
,30,3750,X001HTSSAP,Sellable,2,0,,2,0,1.56,EUR
,30,3602,X001HVGSBJ,Sellable,3,0,,3,0,0.87,EUR
,31,3778,X001N4MSIH,Sellable,22,1,,21,0,8.19,EUR
,33,3739,X001MN9UET,Unsellable,1,0,,1,0,0.78,EUR
,34,3730,X001MFGU4Z,Unsellable,1,0,,1,0,2.00,EUR
,34,3772,X001N3BTPB,Unsellable,104,2,,102,0,79.56,EUR
,35,3713,X001KV12LH,Unsellable,4,0,,4,0,1.56,EUR
,35,3777,X001N4Q8ZL,Unsellable,1,1,,0,0,,
,36,3777,X001N4Q8ZL,Unsellable,1,1,,0,0,,
,37,3772,X001N3BTPB,Unsellable,105,105,,0,0,,
,38,3738,X001MNAW0Z,Unsellable,1,0,,1,0,0.78,EUR
,38,3777,X001N4Q8ZL,Unsellable,1,1,,0,0,,
,39,3772,X001N3BTPB,Unsellable,105,105,,0,0,,
,40,3777,X001N4Q8ZL,Unsellable,1,1,,0,0,,
,41,3611,X001ID0GNH,Unsellable,1,0,,1,0,0.00,EUR
,41,3777,X001N4Q8ZL,Unsellable,1,1,,0,0,,
,42,3602,X001HVGSBJ,Unsellable,1,0,,1,0,0.29,EUR
,43,3724,X001LR0D9R,Unsellable,1,0,,1,0,1.54,EUR
,44,3624,X001HWCTVB,Unsellable,10,0,10,,0,5.00,EUR
,45,3621,X001HWC8ZN,Unsellable,1,0,,1,0,0.39,EUR
,46,3611,X001ID0GNH,Unsellable,1,0,,1,0,0.00,EUR
,47,3586,X001HAB0XV,Unsellable,1,0,,1,0,0.29,EUR
,48,3586,X001HAB0XV,Unsellable,1,1,,0,0,,
,48,3621,X001HWC8ZN,Unsellable,1,0,,1,0,0.00,EUR
,48,3611,X001ID0GNH,Unsellable,2,0,,2,0,0.00,EUR
,49,3516,X001GXJHPR,Unsellable,1,0,,1,0,1.54,EUR
,49,3647,X001KK4B8J,Unsellable,1,1,,0,0,,
,50,3516,X001GXJHPR,Unsellable,1,1,,0,0,,
,50,3647,X001KK4B8J,Unsellable,1,0,,1,0,0.00,EUR
,51,3621,X001HWC8ZN,Unsellable,1,1,,0,0,,
,52,2870,X001891OUF,Unsellable,1,0,,1,0,1.00,EUR
,53,3622,X001HWD13V,Unsellable,28,0,,28,0,10.92,EUR
,54,3466,X001GFIF2L,Unsellable,1,0,,1,0,4.00,EUR
,54,3623,X001HWCU5L,Unsellable,4,3,,1,0,2.00,EUR
,54,3620,X001HYRWHP,Unsellable,1,0,,1,0,0.65,EUR
,55,3614,X001HWD35H,Sellable,88,0,,88,0,34.32,EUR
,56,3623,X001HWCU5L,Unsellable,3,3,,0,0,,
,57,3552,X001GZ0XSF,Unsellable,1,0,,1,0,0.65,EUR
,57,3623,X001HWCU5L,Unsellable,3,3,,0,0,,
,57,3611,X001ID0GNH,Unsellable,1,0,,1,0,0.55,EUR
,58,2741,X00180I6E1,Unsellable,1,0,,1,0,0.55,EUR
,58,2681,X00180K9NH,Unsellable,1,0,,1,0,0.55,EUR
,58,3623,X001HWCU5L,Unsellable,3,3,,0,0,,
,59,3121,X0019AF95J,Unsellable,1,0,,1,0,0.30,EUR
,59,3417,X001FVFLR3,Unsellable,2,0,,2,0,0.60,EUR
,59,3539,X001GLGPCH,Unsellable,1,0,,1,0,0.65,EUR
,59,3563,X001HABPP9,Unsellable,1,0,,1,0,1.00,EUR
,60,3392,X001FVFLNR,Unsellable,1,0,,1,0,4.00,EUR
,60,3417,X001FVFLR3,Unsellable,2,2,,0,0,,
,60,3623,X001HWCU5L,Unsellable,1,1,,0,0,,
,61,3545,X001GLJ03X,Unsellable,12,0,,12,0,3.00,EUR
,62,3409,X001FVIVW5,Sellable,1,0,1,,0,0.40,EUR
,63,3408,X001FVFLN7,Unsellable,1,0,,1,0,1.00,EUR
,63,3496,X001GXKNI7,Unsellable,1,0,,1,0,0.30,EUR
,64,2850,X001878EIH,Unsellable,1,1,,0,0,,
,64,3490,X001GXJHR5,Unsellable,1,0,,1,0,1.00,EUR
,65,3551,X001GLJ01F,Unsellable,1,0,,1,0,0.55,EUR
,66,3406,X001FVIVWF,Unsellable,1,0,,1,0,1.00,EUR
,67,2741,X00180I6E1,Unsellable,1,1,,0,0,,
,67,2681,X00180K9NH,Unsellable,1,1,,0,0,,
,67,3430,X001FVJPCZ,Unsellable,1,0,,1,0,1.00,EUR
,67,3394,X001FVJPEX,Unsellable,1,0,,1,0,0.30,EUR
,67,3468,X001GFIF35,Unsellable,1,0,,1,0,0.30,EUR
,68,3121,X0019AF95J,Unsellable,1,0,,1,0,0.30,EUR
,68,3335,X0019P927P,Unsellable,1,0,,1,0,0.30,EUR
,69,983,X0013CESKP,Sellable,1,0,,1,0,0.30,EUR
,69,931,X0013CF93Z,Sellable,1,0,,1,0,0.55,EUR
,69,984,X0013CFUWP,Sellable,3,0,,3,0,0.90,EUR
,69,1174,X0013LFFHB,Sellable,1,0,,1,0,0.30,EUR
,69,1019,X0013LFNYB,Sellable,2,0,,2,0,0.60,EUR
,69,1054,X0013LGHPF,Sellable,1,0,,1,0,0.55,EUR
,69,1127,X0013LGJKN,Sellable,2,0,,2,0,2.30,EUR
,69,1334,X0014MYLC9,Sellable,1,0,,1,0,0.30,EUR
,69,1322,X0014N1MMZ,Sellable,12,0,,12,0,3.60,EUR
,69,1397,X0014N37AP,Sellable,3,0,,3,0,0.90,EUR
,69,1977,X0016JVA6P,Sellable,1,0,,1,0,0.30,EUR
,69,1955,X0016JVA8N,Sellable,1,0,,1,0,0.30,EUR
,69,1742,X0016JVACT,Sellable,1,0,,1,0,1.15,EUR
,69,1607,X0016JVAL5,Sellable,1,0,,1,0,0.30,EUR
,69,1996,X0016JVATH,Sellable,1,1,,0,0,,
,69,1892,X0016JVAUL,Sellable,1,0,,1,0,0.30,EUR
,69,1819,X0016JVB5P,Sellable,1,0,,1,0,0.55,EUR
,69,1939,X0016JVB6J,Sellable,1,0,,1,0,0.30,EUR
,69,1633,X0016JVB87,Sellable,1,0,,1,0,0.30,EUR
,69,1787,X0016K00SN,Sellable,1,0,,1,0,0.55,EUR
,69,1817,X0016K00Y7,Sellable,1,0,,1,0,0.30,EUR
,69,1618,X0016K015F,Sellable,1,0,,1,0,0.25,EUR
,69,1749,X0016K017D,Sellable,1,1,,0,0,,
,69,1959,X0016K0187,Sellable,1,0,,1,0,1.15,EUR
,69,1838,X0016K01AF,Sellable,1,0,,1,0,0.55,EUR
,69,1974,X0016K02TF,Sellable,1,0,,1,0,0.55,EUR
,69,1632,X0016K02V3,Sellable,1,1,,0,0,,
,69,1653,X0016K030N,Sellable,1,0,,1,0,0.30,EUR
,69,1925,X0016K038F,Sellable,1,0,,1,0,0.55,EUR
,69,1926,X0016K30Z3,Sellable,4,0,,4,0,1.20,EUR
,69,1919,X0016K3107,Sellable,1,0,,1,0,0.30,EUR
,69,1957,X0016K316V,Sellable,1,0,,1,0,0.30,EUR
,69,1820,X0016K4CZ5,Sellable,1,0,,1,0,0.55,EUR
,69,1624,X0016K4DEZ,Sellable,1,0,,1,0,0.30,EUR
,69,2000,X0016K4GSD,Sellable,1,0,,1,0,0.30,EUR
,69,1949,X0016K4GT7,Sellable,1,0,,1,0,0.30,EUR
,69,1640,X0016K4GYH,Sellable,1,0,,1,0,0.25,EUR
,69,1880,X0016K4H0F,Sellable,1,1,,0,0,,
,69,1910,X0016K4H1T,Sellable,2,0,,2,0,0.60,EUR
,69,2203,X00173L25J,Sellable,1,0,,1,0,0.30,EUR
,69,2072,X00173L26N,Sellable,1,0,,1,0,0.25,EUR
,69,2079,X00173L2GD,Sellable,1,0,,1,0,0.30,EUR
,69,2159,X00173L2IL,Sellable,1,0,,1,0,0.30,EUR
,69,2065,X00173OOL3,Sellable,1,0,,1,0,0.55,EUR
,69,2026,X00173UKUR,Sellable,2,0,,2,0,1.10,EUR
,69,2226,X00173VKM9,Sellable,1,0,,1,0,0.30,EUR
,69,2062,X00173VKPV,Sellable,2,0,,2,0,0.60,EUR
,69,2029,X00173VKQ5,Sellable,5,0,,5,0,2.75,EUR
,69,2128,X00173VKRT,Sellable,1,0,,1,0,0.55,EUR
,69,2071,X00173VKSN,Sellable,3,0,,3,0,0.90,EUR
,69,2067,X00173VKV5,Sellable,5,0,,5,0,2.75,EUR
,69,2137,X00173VKZV,Sellable,1,0,,1,0,0.55,EUR
,69,2035,X00173VL0F,Sellable,3,0,,3,0,0.90,EUR
,69,2418,X0017KFXN9,Sellable,1,0,,1,0,0.30,EUR
,69,2378,X0017KFXQL,Sellable,1,0,,1,0,0.25,EUR
,69,2495,X0017KFXT3,Sellable,1,0,,1,0,0.55,EUR
,69,2268,X0017KFXZ7,Sellable,1,0,,1,0,0.30,EUR
,69,2434,X0017KFY2T,Sellable,1,0,,1,0,0.30,EUR
,69,2428,X0017KHVCZ,Sellable,1,0,,1,0,0.30,EUR
,69,2285,X0017KHZDZ,Sellable,1,0,,1,0,0.30,EUR
,69,2589,X0017KHZUX,Sellable,1,0,,1,0,0.25,EUR
,69,2306,X0017KHZWB,Sellable,1,0,,1,0,0.30,EUR
,69,2489,X0017KHZZ3,Sellable,1,0,,1,0,0.30,EUR
,69,2364,X0017KI02Z,Sellable,1,0,,1,0,0.30,EUR
,69,2315,X0017KI07P,Sellable,1,0,,1,0,0.25,EUR
,69,2373,X0017KI0CF,Sellable,1,0,,1,0,0.30,EUR
,69,2368,X0017KIK11,Sellable,1,0,,1,0,0.30,EUR
,69,2607,X0017KIK1V,Sellable,1,0,,1,0,1.15,EUR
,69,2372,X0017KIK3J,Sellable,1,0,,1,0,0.55,EUR
,69,2354,X0017KIK75,Sellable,1,0,,1,0,0.30,EUR
,69,2297,X0017KIK7P,Sellable,1,0,,1,0,0.55,EUR
,69,2255,X0017KIK8J,Sellable,1,0,,1,0,0.30,EUR
,69,2613,X0017KIKCZ,Sellable,1,0,,1,0,0.30,EUR
,69,2624,X0017KIKDT,Sellable,1,0,,1,0,0.30,EUR
,69,2591,X0017KIKHP,Sellable,1,0,,1,0,0.30,EUR
,69,2404,X0017KIKK7,Sellable,1,0,,1,0,0.30,EUR
,69,2391,X0017KIKNJ,Sellable,1,0,,1,0,0.55,EUR
,69,2389,X0017KIKOX,Sellable,1,0,,1,0,0.55,EUR
,69,2393,X0017KIKTD,Sellable,1,0,,1,0,0.30,EUR
,69,2363,X0017KIKZ7,Sellable,1,0,,1,0,0.25,EUR
,69,2633,X0017M7RJF,Sellable,2,0,,2,0,0.60,EUR
,69,2715,X00180GNJ1,Sellable,1,0,,1,0,0.30,EUR
,69,2699,X00180IUGF,Sellable,1,0,,1,0,0.30,EUR
,69,2803,X001876911,Sellable,1,0,,1,0,0.30,EUR
,69,2797,X00187691V,Sellable,4,0,,4,0,2.20,EUR
,69,2758,X0018769A7,Sellable,1,0,,1,0,0.55,EUR
,69,2814,X001876TFH,Sellable,4,0,,4,0,1.20,EUR
,69,2820,X001876TIJ,Sellable,1,0,,1,0,0.30,EUR
,69,2813,X001876TKH,Sellable,4,0,,4,0,1.20,EUR
,69,2776,X001876Y5R,Sellable,2,0,,2,0,2.30,EUR
,69,2754,X001877YSX,Sellable,1,0,,1,0,0.55,EUR
,69,2917,X0018FKIY7,Sellable,2,0,,2,0,0.60,EUR
,69,2915,X0018FKJ0F,Sellable,2,0,,2,0,0.60,EUR
,69,2966,X0018FKJ0P,Sellable,2,0,,2,0,0.60,EUR
,69,2963,X0018FKJ6J,Sellable,1,0,,1,0,0.25,EUR
,69,2931,X0018FKJJ1,Sellable,2,0,,2,0,1.10,EUR
,69,2988,X0018FKJO1,Sellable,1,0,,1,0,0.55,EUR
,69,2991,X0018FKZPJ,Sellable,2,0,,2,0,0.60,EUR
,69,2880,X0018FKZQX,Sellable,2,0,,2,0,0.60,EUR
,69,2978,X0018FL049,Sellable,1,0,,1,0,0.25,EUR
,69,2896,X0018FL0E9,Sellable,2,0,,2,0,1.10,EUR
,69,2897,X0018FL0PN,Sellable,2,0,,2,0,1.10,EUR
,69,2908,X0018FM0MZ,Sellable,2,0,,2,0,0.60,EUR
,69,2877,X0018FM0QB,Sellable,2,0,,2,0,0.60,EUR
,69,2952,X0018FM0QL,Sellable,2,0,,2,0,0.60,EUR
,69,2961,X0018FM0VV,Sellable,2,0,,2,0,0.60,EUR
,69,3026,X0018XLFO1,Sellable,1,0,,1,0,0.30,EUR
,69,3079,X0018XLFOB,Sellable,2,0,,2,0,1.10,EUR
,69,3010,X0018XLFRX,Sellable,1,0,,1,0,0.25,EUR
,69,3031,X0018XPT07,Sellable,1,0,,1,0,0.30,EUR
,69,3165,X0019CBYSX,Sellable,1,0,,1,0,0.30,EUR
,69,3259,X0019CBZ0F,Sellable,2,0,,2,0,1.10,EUR
,69,3245,X0019CBZ1T,Sellable,1,0,,1,0,0.30,EUR
,69,3244,X0019CBZ23,Sellable,1,0,,1,0,0.30,EUR
,69,3130,X0019CBZBJ,Sellable,1,0,,1,0,0.30,EUR
,69,3141,X0019CBZCN,Sellable,1,0,,1,0,0.30,EUR
,69,3192,X0019CBZDH,Sellable,1,0,,1,0,0.55,EUR
,69,3246,X0019CBZIH,Sellable,1,0,,1,0,0.30,EUR
,69,3162,X0019CESL3,Sellable,1,0,,1,0,0.30,EUR
,69,3154,X0019CESM7,Sellable,1,1,,0,0,,
,70,1147,X0013LFFKX,Sellable,2,0,,2,0,2.30,EUR
,70,1116,X0013LFPAX,Sellable,2,0,,2,0,0.60,EUR
,70,1088,X0013LGFC5,Sellable,1,0,,1,0,0.55,EUR
,70,1098,X0013LGIPT,Sellable,2,0,,2,0,2.30,EUR
,70,1976,X0016JY7E7,Sellable,4,0,,4,0,1.20,EUR
,70,1789,X0016K3111,Sellable,3,0,,3,0,0.90,EUR
,70,2028,X00173UKQV,Sellable,2,0,,2,0,0.60,EUR
,70,2181,X00173VKR9,Sellable,1,0,,1,0,0.30,EUR
,70,2451,X0017KFXVV,Sellable,1,0,,1,0,0.30,EUR
,70,2272,X0017KI0C5,Sellable,1,0,,1,0,0.25,EUR
,70,2310,X0017KIKDJ,Sellable,1,0,,1,0,0.30,EUR
,70,2377,X0017KIKLL,Sellable,1,0,,1,0,0.25,EUR
,70,2903,X0018FJAT1,Sellable,1,0,,1,0,0.30,EUR
,70,2892,X0018FJB8V,Sellable,2,0,,2,0,0.50,EUR
,70,2890,X0018FKJ3H,Sellable,2,0,,2,0,0.50,EUR
,70,2989,X0018FKJ7N,Sellable,2,0,,2,0,0.60,EUR
,70,2918,X0018FKJ8R,Sellable,2,0,,2,0,0.50,EUR
,70,2898,X0018FKJG9,Sellable,1,0,,1,0,0.55,EUR
,70,2895,X0018FKJZF,Sellable,2,0,,2,0,1.10,EUR
,70,2973,X0018FKZTF,Sellable,2,0,,2,0,0.60,EUR
,70,2948,X0018FL02B,Sellable,2,0,,2,0,0.60,EUR
,70,2921,X0018FL06H,Sellable,1,0,,1,0,0.30,EUR
,70,2938,X0018FL0B7,Sellable,2,0,,2,0,0.50,EUR
,70,2927,X0018FL0EJ,Sellable,2,0,,2,0,0.60,EUR
,70,2922,X0018FM0RZ,Sellable,2,0,,2,0,0.60,EUR
,70,2914,X0018FM10L,Sellable,2,0,,2,0,0.60,EUR
,70,2954,X0018FZT7D,Sellable,1,0,,1,0,0.30,EUR
,70,3139,X0019CBXL1,Sellable,1,0,,1,0,0.30,EUR
,70,3267,X0019CBZ2X,Sellable,1,0,,1,0,0.55,EUR
,71,3121,X0019AF95J,Unsellable,2,0,,2,0,0.60,EUR
,71,3160,X0019CBYUL,Unsellable,2,0,,2,0,1.10,EUR
,73,3107,B004XNLCGG,Unsellable,1,0,,1,0,0.25,EUR
,73,1917,X0016K0335,Unsellable,1,0,,1,0,0.55,EUR
,73,2884,X0018FL017,Unsellable,1,0,,1,0,0.55,EUR
,74,3376,X001DZ73EP,Unsellable,1,0,,1,0,1.15,EUR
,75,3289,B07Q7DSWF4,Unsellable,1,0,,1,0,0.30,EUR
,75,2502,X0017KI0CP,Unsellable,1,0,,1,0,0.55,EUR
,75,3350,X001DZ7FBV,Unsellable,1,0,,1,0,0.30,EUR
,76,2487,X0017KHZUN,Unsellable,1,0,,1,0,0.30,EUR
,77,3160,X0019CBYUL,Unsellable,2,2,,0,0,,
,78,1011,X0013LGFBB,Sellable,1,0,,1,0,0.45,EUR
,78,1815,X0016K4GVP,Sellable,1,0,,1,0,0.25,EUR
,79,3115,B005NZLBEG,Sellable,1,0,,1,0,0.45,EUR
,79,3113,B07Q7DSWF4,Sellable,3,1,,2,0,0.50,EUR
,80,3275,B00O4EEXCE,Sellable,7,1,,6,0,1.50,EUR
,80,3276,B07NSMBVYS,Sellable,9,0,,9,0,2.25,EUR
,80,3289,B07Q7DSWF4,Sellable,12,7,,5,0,1.25,EUR
,80,983,X0013CESKP,Sellable,2,0,,2,0,0.50,EUR
,80,951,X0013CF93P,Sellable,1,0,,1,0,0.90,EUR
,80,986,X0013CFUXJ,Sellable,1,0,,1,0,0.25,EUR
,80,1169,X0013LDMBR,Sellable,1,1,,0,0,,
,80,1139,X0013LFNZF,Sellable,1,0,,1,0,0.25,EUR
,80,1109,X0013LFPG7,Sellable,2,2,,0,0,,
,80,1106,X0013LFQ6B,Sellable,1,1,,0,0,,
,80,1154,X0013LFQ7Z,Sellable,2,0,,2,0,1.80,EUR
,80,1053,X0013LGHOV,Sellable,1,1,,0,0,,
,80,1054,X0013LGHPF,Sellable,1,0,,1,0,0.45,EUR
,80,1250,X00142NQWP,Sellable,2,2,,0,0,,
,80,1334,X0014MYLC9,Sellable,1,0,,1,0,0.25,EUR
,80,1442,X0014N1P7R,Sellable,1,0,,1,0,0.25,EUR
,80,1446,X0014N2SQJ,Sellable,14,0,,14,0,6.30,EUR
,80,1365,X0014N378H,Sellable,1,0,,1,0,0.45,EUR
,80,1751,X0016K02TP,Sellable,4,0,,4,0,1.00,EUR
,80,1632,X0016K02V3,Sellable,2,0,,2,0,0.50,EUR
,80,1960,X0016K02W7,Sellable,2,0,,2,0,0.50,EUR
,80,1772,X0016K030D,Sellable,4,0,,4,0,1.00,EUR
,80,1653,X0016K030N,Sellable,2,0,,2,0,0.50,EUR
,80,1921,X0016K0349,Sellable,4,0,,4,0,1.80,EUR
,80,1925,X0016K038F,Sellable,2,0,,2,0,0.90,EUR
,80,1758,X0016K30VH,Sellable,1,0,,1,0,0.25,EUR
,80,1866,X0016K30XF,Sellable,3,0,,3,0,0.75,EUR
,80,1858,X0016K314D,Sellable,2,0,,2,0,0.90,EUR
,80,1950,X0016K4GOR,Sellable,2,0,,2,0,0.50,EUR
,80,2000,X0016K4GSD,Sellable,2,0,,2,0,0.50,EUR
,80,1949,X0016K4GT7,Sellable,2,0,,2,0,0.50,EUR
,80,1815,X0016K4GVP,Sellable,1,0,,1,0,0.25,EUR
,80,1841,X0016K4GWJ,Sellable,2,0,,2,0,0.90,EUR
,80,1918,X0016K4GXN,Sellable,2,0,,2,0,0.50,EUR
,80,1880,X0016K4H0F,Sellable,2,0,,2,0,0.50,EUR
,80,2027,X00173L2HH,Sellable,1,1,,0,0,,
,80,2025,X00173OOKJ,Sellable,2,2,,0,0,,
,80,2070,X00173UG9R,Sellable,2,2,,0,0,,
,80,2068,X00173UKO3,Sellable,2,2,,0,0,,
,80,2028,X00173UKQV,Sellable,2,2,,0,0,,
,80,2026,X00173UKUR,Sellable,2,2,,0,0,,
,80,2024,X00173UKW5,Sellable,2,2,,0,0,,
,80,2036,X00173VKLZ,Sellable,2,2,,0,0,,
,80,2062,X00173VKPV,Sellable,2,2,,0,0,,
,80,2029,X00173VKQ5,Sellable,4,4,,0,0,,
,80,2071,X00173VKSN,Sellable,2,2,,0,0,,
,80,2067,X00173VKV5,Sellable,4,4,,0,0,,
,80,2418,X0017KFXN9,Sellable,1,0,,1,0,0.25,EUR
,80,2612,X0017KFXNJ,Sellable,1,0,,1,0,0.25,EUR
,80,2609,X0017KFXON,Sellable,2,0,,2,0,0.50,EUR
,80,2378,X0017KFXQL,Sellable,2,0,,2,0,0.50,EUR
,80,2495,X0017KFXT3,Sellable,1,0,,1,0,0.45,EUR
,80,2379,X0017KFY0B,Sellable,2,0,,2,0,0.50,EUR
,80,2610,X0017KHV07,Sellable,1,0,,1,0,0.45,EUR
,80,2336,X0017KHV2F,Sellable,1,0,,1,0,0.25,EUR
,80,2407,X0017KHZKN,Sellable,2,0,,2,0,0.50,EUR
,80,2254,X0017KHZML,Sellable,3,0,,3,0,0.75,EUR
,80,2586,X0017KHZMV,Sellable,1,0,,1,0,0.25,EUR
,80,2445,X0017KHZT9,Sellable,1,0,,1,0,0.25,EUR
,80,2474,X0017KIJZ3,Sellable,1,0,,1,0,0.90,EUR
,80,2611,X0017KIJZX,Sellable,1,0,,1,0,0.25,EUR
,80,2368,X0017KIK11,Sellable,2,0,,2,0,0.50,EUR
,80,2500,X0017KIK39,Sellable,1,0,,1,0,0.25,EUR
,80,2372,X0017KIK3J,Sellable,1,0,,1,0,0.45,EUR
,80,2264,X0017KIK43,Sellable,1,0,,1,0,0.90,EUR
,80,2297,X0017KIK7P,Sellable,1,0,,1,0,0.45,EUR
,80,2532,X0017KIKJN,Sellable,1,0,,1,0,0.45,EUR
,80,2391,X0017KIKNJ,Sellable,1,0,,1,0,0.45,EUR
,80,2389,X0017KIKOX,Sellable,1,0,,1,0,0.45,EUR
,80,2633,X0017M7RJF,Sellable,15,0,,15,0,3.75,EUR
,80,2646,X0017M7RK9,Sellable,3,0,,3,0,0.75,EUR
,80,2632,X0017MDLG3,Sellable,18,0,,18,0,16.20,EUR
,80,2678,X00180GNJL,Sellable,1,0,,1,0,0.90,EUR
,80,2735,X00180IUEH,Sellable,4,0,,4,0,1.80,EUR
,80,2728,X00180IUG5,Sellable,2,0,,2,0,0.90,EUR
,80,2742,X00180IZUV,Sellable,1,0,,1,0,0.45,EUR
,80,2681,X00180K9NH,Sellable,1,0,,1,0,0.45,EUR
,80,2757,X0018768ZX,Sellable,1,1,,0,0,,
,80,2819,X00187691B,Sellable,4,4,,0,0,,
,80,2814,X001876TFH,Sellable,4,4,,0,0,,
,80,2780,X001876TFR,Sellable,1,1,,0,0,,
,80,2776,X001876Y5R,Sellable,1,1,,0,0,,
,80,2806,X001877YRJ,Sellable,4,4,,0,0,,
,80,2966,X0018FKJ0P,Sellable,1,1,,0,0,,
,80,2935,X0018FKJ2X,Sellable,2,2,,0,0,,
,80,2963,X0018FKJ6J,Sellable,1,1,,0,0,,
,80,2918,X0018FKJ8R,Sellable,1,1,,0,0,,
,80,2992,X0018FKJC3,Sellable,1,1,,0,0,,
,80,2898,X0018FKJG9,Sellable,1,1,,0,0,,
,80,2960,X0018FKZMR,Sellable,1,1,,0,0,,
,80,2958,X0018FKZOP,Sellable,1,1,,0,0,,
,80,2991,X0018FKZPJ,Sellable,1,1,,0,0,,
,80,2962,X0018FKZRH,Sellable,1,1,,0,0,,
,80,2973,X0018FKZTF,Sellable,1,1,,0,0,,
,80,2921,X0018FL06H,Sellable,1,1,,0,0,,
,80,2897,X0018FL0PN,Sellable,1,1,,0,0,,
,80,2981,X0018FM0R5,Sellable,1,1,,0,0,,
,80,2961,X0018FM0VV,Sellable,1,1,,0,0,,
,80,2941,X0018FM0ZH,Sellable,1,1,,0,0,,
,80,2901,X0018FZMRP,Sellable,1,1,,0,0,,
,80,2944,X0018FZT6T,Sellable,1,1,,0,0,,
,80,2954,X0018FZT7D,Sellable,1,1,,0,0,,
,80,3026,X0018XLFO1,Sellable,2,0,,2,0,0.50,EUR
,80,3041,X0018XLFQJ,Sellable,2,0,,2,0,0.50,EUR
,80,3010,X0018XLFRX,Sellable,14,0,,14,0,3.50,EUR
,80,3042,X0018XLFU5,Sellable,1,0,,1,0,0.25,EUR
,80,3034,X0018XMUXL,Sellable,1,0,,1,0,0.90,EUR
,80,3057,X0018XMUYP,Sellable,1,0,,1,0,0.45,EUR
,80,3022,X0018XNTLN,Sellable,3,0,,3,0,1.35,EUR
,80,3106,X0019AIAFF,Sellable,8,0,,8,0,2.00,EUR
,80,3259,X0019CBZ0F,Sellable,2,2,,0,0,,
,80,3244,X0019CBZ23,Sellable,2,0,,2,0,0.50,EUR
,80,3182,X0019CBZCX,Sellable,2,2,,0,0,,
,81,980,X0013CFEXF,Sellable,2,0,,2,0,0.90,EUR
,81,1031,X0013LDLHH,Sellable,2,0,,2,0,0.50,EUR
,81,1008,X0013LDLHR,Sellable,1,1,,0,0,,
,81,1041,X0013LDLIB,Sellable,2,0,,2,0,0.50,EUR
,81,1030,X0013LFFH1,Sellable,1,1,,0,0,,
,81,1147,X0013LFFKX,Sellable,2,2,,0,0,,
,81,1019,X0013LFNYB,Sellable,2,2,,0,0,,
,81,1012,X0013LFNZ5,Sellable,1,0,,1,0,0.25,EUR
,81,1107,X0013LFPAD,Sellable,1,0,,1,0,0.25,EUR
,81,1116,X0013LFPAX,Sellable,2,2,,0,0,,
,81,1081,X0013LFPBR,Sellable,1,1,,0,0,,
,81,994,X0013LFPCL,Sellable,2,2,,0,0,,
,81,1064,X0013LFPFX,Sellable,1,1,,0,0,,
,81,1063,X0013LGFGL,Sellable,3,0,,3,0,0.75,EUR
,81,1098,X0013LGIPT,Sellable,2,2,,0,0,,
,81,999,X0013LGIQN,Sellable,2,0,,2,0,0.50,EUR
,81,1110,X0013LHHZ9,Sellable,2,0,,2,0,0.50,EUR
,81,1372,X0014MYL3X,Sellable,1,0,,1,0,0.90,EUR
,81,1266,X0014N1MKH,Sellable,1,0,,1,0,1.30,EUR
,81,1282,X0014N1P31,Sellable,2,0,,2,0,0.50,EUR
,81,1387,X0014N2SDR,Sellable,1,0,,1,0,1.30,EUR
,81,1317,X0014N2SFP,Sellable,1,0,,1,0,0.25,EUR
,81,1451,X0014N2SFZ,Sellable,2,0,,2,0,0.50,EUR
,81,1458,X0014N2SIR,Sellable,2,0,,2,0,0.50,EUR
,81,1310,X0014N2SKF,Sellable,2,0,,2,0,0.90,EUR
,81,1287,X0014N2SL9,Sellable,1,0,,1,0,0.90,EUR
,81,1270,X0014N377D,Sellable,3,0,,3,0,1.35,EUR
,81,1304,X0014N37A5,Sellable,2,0,,2,0,0.90,EUR
,81,1323,X0014N37C3,Sellable,2,0,,2,0,1.80,EUR
,81,1536,X00151MBL7,Sellable,1,0,,1,0,0.45,EUR
,81,1507,X00151O93F,Sellable,1,0,,1,0,0.45,EUR
,81,1516,X00151O93P,Sellable,3,0,,3,0,0.75,EUR
,81,1741,X0016JV9ZR,Sellable,1,0,,1,0,0.25,EUR
,81,1763,X0016JVAKL,Sellable,1,0,,1,0,0.25,EUR
,81,1975,X0016JVASD,Sellable,1,0,,1,0,0.25,EUR
,81,1951,X0016JVASX,Sellable,1,0,,1,0,0.45,EUR
,81,1947,X0016JVAZ1,Sellable,1,0,,1,0,0.25,EUR
,81,1983,X0016JVB23,Sellable,1,0,,1,0,0.45,EUR
,81,1753,X0016JVB8H,Sellable,1,0,,1,0,0.45,EUR
,81,1831,X0016JY3SH,Sellable,1,0,,1,0,0.25,EUR
,81,1566,X0016K00OH,Sellable,1,0,,1,0,0.25,EUR
,81,1931,X0016K012D,Sellable,1,0,,1,0,0.25,EUR
,81,1598,X0016K0141,Sellable,1,0,,1,0,0.25,EUR
,81,1998,X0016K0155,Sellable,1,0,,1,0,0.45,EUR
,81,2203,X00173L25J,Sellable,1,1,,0,0,,
,81,2148,X00173L281,Sellable,1,1,,0,0,,
,81,2090,X00173OOOF,Sellable,1,1,,0,0,,
,81,2147,X00173UGBF,Sellable,1,1,,0,0,,
,81,2099,X00173UKS9,Sellable,1,1,,0,0,,
,81,2189,X00173UKVB,Sellable,1,1,,0,0,,
,81,2097,X00173UKX9,Sellable,1,1,,0,0,,
,81,2219,X00173VKPL,Sellable,1,1,,0,0,,
,81,2181,X00173VKR9,Sellable,1,1,,0,0,,
,81,2212,X00173VKRJ,Sellable,1,1,,0,0,,
,81,2128,X00173VKRT,Sellable,1,1,,0,0,,
,81,2235,X00173VKZL,Sellable,1,1,,0,0,,
,81,2543,X0017KFXJN,Sellable,1,0,,1,0,0.25,EUR
,81,2266,X0017KFXLB,Sellable,1,0,,1,0,0.25,EUR
,81,2358,X0017KFXLV,Sellable,1,0,,1,0,0.25,EUR
,81,2401,X0017KHV8J,Sellable,1,0,,1,0,0.25,EUR
,81,2598,X0017KHVDJ,Sellable,1,0,,1,0,0.25,EUR
,81,2507,X0017KHVEN,Sellable,1,0,,1,0,0.25,EUR
,81,2294,X0017KHVF7,Sellable,1,0,,1,0,0.45,EUR
,81,2626,X0017KHZSZ,Sellable,1,0,,1,0,0.25,EUR
,81,2281,X0017KHZXP,Sellable,1,0,,1,0,0.25,EUR
,81,2521,X0017KIKIJ,Sellable,2,0,,2,0,0.90,EUR
,81,2298,X0017KIKLV,Sellable,1,1,,0,0,,
,81,2267,X0017KILYR,Sellable,1,0,,1,0,0.25,EUR
,81,2832,X00187696B,Sellable,1,1,,0,0,,
,81,2818,X001876THF,Sellable,1,1,,0,0,,
,81,2837,X001876TM5,Sellable,2,2,,0,0,,
,81,2781,X001877YQ5,Sellable,1,1,,0,0,,
,81,2763,X001877YS3,Sellable,1,1,,0,0,,
,81,2903,X0018FJAT1,Sellable,2,2,,0,0,,
,81,2892,X0018FJB8V,Sellable,2,2,,0,0,,
,81,2917,X0018FKIY7,Sellable,2,2,,0,0,,
,81,2915,X0018FKJ0F,Sellable,2,2,,0,0,,
,81,2945,X0018FKJ0Z,Sellable,2,2,,0,0,,
,81,2989,X0018FKJ7N,Sellable,2,2,,0,0,,
,81,2876,X0018FKJAP,Sellable,2,2,,0,0,,
,81,2887,X0018FKJF5,Sellable,2,2,,0,0,,
,81,2934,X0018FKJFZ,Sellable,1,1,,0,0,,
,81,2939,X0018FKJIH,Sellable,2,2,,0,0,,
,81,2931,X0018FKJJ1,Sellable,2,2,,0,0,,
,81,2988,X0018FKJO1,Sellable,2,2,,0,0,,
,81,2880,X0018FKZQX,Sellable,2,2,,0,0,,
,81,2948,X0018FL02B,Sellable,2,2,,0,0,,
,81,2936,X0018FL03F,Sellable,2,2,,0,0,,
,81,2938,X0018FL0B7,Sellable,2,2,,0,0,,
,81,2896,X0018FL0E9,Sellable,2,2,,0,0,,
,81,2927,X0018FL0EJ,Sellable,2,2,,0,0,,
,81,2923,X0018FL0GR,Sellable,2,2,,0,0,,
,81,2908,X0018FM0MZ,Sellable,2,2,,0,0,,
,81,2965,X0018FM0Q1,Sellable,2,2,,0,0,,
,81,2877,X0018FM0QB,Sellable,2,2,,0,0,,
,81,2952,X0018FM0QL,Sellable,2,2,,0,0,,
,81,2922,X0018FM0RZ,Sellable,2,2,,0,0,,
,81,2888,X0018FM0XJ,Sellable,2,2,,0,0,,
,81,2914,X0018FM10L,Sellable,2,2,,0,0,,
,81,2943,X0018FM16P,Sellable,2,2,,0,0,,
,81,2946,X0018FZT8H,Sellable,1,1,,0,0,,
,81,3083,X0018XLFOL,Sellable,1,0,,1,0,0.25,EUR
,81,3077,X0018XLFRD,Sellable,1,0,,1,0,0.25,EUR
,81,3044,X0018XNTM7,Sellable,1,0,,1,0,0.25,EUR
,81,3043,X0018XPSVH,Sellable,1,0,,1,0,0.45,EUR
,81,3150,X0019CBYTH,Sellable,1,0,,1,0,0.45,EUR
,81,3233,X0019CBZHN,Sellable,2,0,,2,0,0.90,EUR
,81,3161,X0019CDJCH,Sellable,1,0,,1,0,0.45,EUR
,81,3218,X0019CDJE5,Sellable,1,0,,1,0,0.25,EUR
,81,3269,X0019CDJJ5,Sellable,3,3,,0,0,,
,81,3274,X0019CESTZ,Sellable,3,3,,0,0,,
,81,3293,X0019MZHQD,Sellable,10,6,,4,0,1.00,EUR
,82,3121,X0019AF95J,Unsellable,1,1,,0,0,,
,83,3107,B004XNLCGG,Unsellable,1,1,,0,0,,
,83,3287,B01BKRYIZ4,Unsellable,1,0,,1,0,0.00,EUR
,83,1118,X0013LFNX7,Unsellable,1,0,,1,0,0.00,EUR
,83,1917,X0016K0335,Unsellable,1,1,,0,0,,
,83,2471,X0017KIKFH,Unsellable,1,0,,1,0,0.00,EUR
,83,3160,X0019CBYUL,Unsellable,1,0,,1,0,0.00,EUR
,84,1917,X0016K0335,Sellable,2,0,,2,0,0.90,EUR
,85,1214,X0013V652Z,Sellable,1,0,,1,0,0.45,EUR
,86,1263,X0014N1AV3,Sellable,2,0,,2,0,1.80,EUR
,87,399,X00105U3UT,Sellable,1,0,,1,0,0.00,EUR
,88,353,X00102O303,Sellable,1,0,,1,0,0.25,EUR
,89,358,X00102NLCT,Sellable,2,0,,2,0,0.50,EUR
,90,1388,X0014MYLB5,Unsellable,1,0,,1,0,1.30,EUR
,90,3160,X0019CBYUL,Unsellable,1,0,,1,0,0.45,EUR
,91,1142,X0013LFO0T,Unsellable,1,0,,1,0,0.90,EUR
,92,1358,X0014MYLDD,Unsellable,1,0,,1,0,5.50,EUR
,92,2653,X0017MD9AB,Unsellable,1,0,,1,0,1.30,EUR
,92,3102,X0019ASF0F,Unsellable,7,0,,7,0,1.75,EUR
,93,1126,X0013LFFKD,Unsellable,1,0,,1,0,0.90,EUR
,93,3121,X0019AF95J,Unsellable,5,0,,5,0,1.25,EUR
,94,1358,X0014MYLDD,Unsellable,1,0,,1,0,1.30,EUR
,94,1359,X0014N1MJ3,Unsellable,1,0,,1,0,0.45,EUR
,94,1360,X0014N2SNR,Unsellable,1,0,,1,0,0.90,EUR
,94,3279,X0019DCB93,Unsellable,1,0,,1,0,0.65,EUR
,95,3282,X0019DMWFB,Sellable,6,0,6,,0,1.80,EUR
,97,3002,X0018PL4Y5,Unsellable,1,0,,1,0,0.65,EUR
,97,3270,X0019CDJKJ,Unsellable,1,0,,1,0,0.25,EUR
,98,2244,X00176Z2P7,Sellable,6,0,,6,0,1.50,EUR
,99,1471,X0014N1P4F,Unsellable,1,0,,1,0,2.00,EUR
,99,2660,X0017TCSLF,Unsellable,1,0,,1,0,1.00,EUR
,99,3002,X0018PL4Y5,Unsellable,1,0,,1,0,0.65,EUR
,100,2657,X0017NYB25,Sellable,8,0,,8,0,2.00,EUR
,100,2865,X00188U67D,Sellable,1,0,,1,0,0.45,EUR
,100,2864,X001891OVJ,Sellable,5,0,,5,0,1.25,EUR
,100,2996,X0018LC2P9,Sellable,3,0,,3,0,0.75,EUR
,100,2999,X0018LC9TD,Sellable,15,0,,15,0,3.75,EUR
,100,3000,X0018LCPBZ,Sellable,9,0,,9,0,4.05,EUR
,102,1358,X0014MYLDD,Unsellable,1,0,,1,0,5.50,EUR
,102,1647,X0016K4GV5,Unsellable,1,0,,1,0,2.00,EUR
,104,455,X0010AO305,Sellable,4,0,,4,0,1.00,EUR
,105,940,X0013CEU03,Unsellable,1,0,,1,0,2.00,EUR
,105,1224,X0013VD965,Unsellable,1,0,,1,0,0.25,EUR
,105,2853,X00187GJW5,Unsellable,1,1,,0,0,,
,106,2051,X00173VKU1,Unsellable,1,0,,1,0,0.00,EUR
,107,352,X00102749F,Sellable,3,0,,3,0,0.00,EUR
,107,330,X0010CZGKJ,Sellable,2,0,,2,0,0.00,EUR
,107,333,X0010CZI07,Sellable,2,0,,2,0,0.00,EUR
,107,347,X0010CZKJV,Sellable,5,0,,5,0,0.00,EUR
,107,338,X0010CZM2L,Sellable,1,0,,1,0,0.00,EUR
,107,331,X0010K8I8D,Sellable,2,0,,2,0,0.00,EUR
,107,348,X0010K9KSZ,Sellable,3,0,,3,0,0.00,EUR
,108,1142,X0013LFO0T,Sellable,3,0,,3,0,0.00,EUR
,108,1123,X0013LGIPJ,Sellable,3,0,,3,0,0.00,EUR
,108,1226,X0013V65F7,Sellable,4,0,,4,0,0.00,EUR
,108,1466,X0014MYLBF,Sellable,9,0,,9,0,0.00,EUR
,108,1284,X0014MYLD3,Sellable,6,0,,6,0,0.00,EUR
,108,1358,X0014MYLDD,Sellable,10,0,,10,0,0.00,EUR
,108,1385,X0014N1AXB,Sellable,9,0,,9,0,0.00,EUR
,108,1398,X0014N1MIT,Sellable,7,1,,6,0,0.00,EUR
,108,1472,X0014N2SJB,Sellable,3,0,,3,0,0.00,EUR
,108,1335,X0014N2SKP,Sellable,27,0,,27,0,0.00,EUR
,108,1312,X0014N3737,Sellable,10,0,,10,0,0.00,EUR
,108,1470,X0014N379L,Sellable,5,0,,5,0,0.00,EUR
,108,1326,X0014N37B9,Sellable,19,0,,19,0,0.00,EUR
,108,1534,X00151MBLH,Sellable,2,0,,2,0,0.00,EUR
,108,1525,X00151NX3R,Sellable,12,0,,12,0,0.00,EUR
,108,1555,X00151O97V,Sellable,4,0,,4,0,0.00,EUR
,109,290,B06XCP6CCZ,Sellable,1,1,,0,0,,
,109,11,X000YYNSDB,Sellable,1,1,,0,0,,
,109,4,X000YYNVAV,Sellable,1,0,,1,0,0.00,EUR
,109,15,X000YYNWA5,Unsellable,1,1,,0,0,,
,109,44,X000Z2QEZ1,Sellable,2,0,,2,0,0.00,EUR
,109,51,X000Z2QLMH,Sellable,1,0,,1,0,0.00,EUR
,109,50,X000Z2QR8P,Sellable,3,0,,3,0,0.00,EUR
,109,100,X000Z87A9J,Sellable,1,0,,1,0,0.00,EUR
,109,123,X000Z99K5Z,Sellable,1,1,,0,0,,
,109,119,X000Z99KA5,Sellable,1,1,,0,0,,
,109,38,X000ZACS0N,Sellable,2,0,,2,0,0.00,EUR
,109,39,X000ZACS53,Sellable,2,2,,0,0,,
,109,55,X000ZF18QN,Sellable,2,0,,2,0,0.00,EUR
,109,73,X000ZFE1MV,Sellable,2,0,,2,0,0.00,EUR
,109,187,X000ZHAXNF,Sellable,1,1,,0,0,,
,109,197,X000ZHB0FZ,Sellable,2,2,,0,0,,
,109,142,X000ZL0ZAH,Sellable,1,1,,0,0,,
,109,124,X000ZL11SH,Sellable,1,0,,1,0,0.00,EUR
,109,121,X000ZL12DB,Sellable,1,1,,0,0,,
,109,122,X000ZL14C5,Sellable,1,1,,0,0,,
,109,139,X000ZL14IJ,Sellable,1,0,,1,0,0.00,EUR
,109,151,X000ZL14QV,Sellable,1,1,,0,0,,
,109,191,X000ZL586N,Sellable,2,2,,0,0,,
,109,66,X000ZMXG6L,Sellable,2,0,,2,0,0.00,EUR
,109,101,X000ZNSACF,Sellable,1,0,,1,0,0.00,EUR
,109,129,X000ZOX7GX,Sellable,2,1,,1,0,0.00,EUR
,109,137,X000ZOXCLD,Sellable,1,1,,0,0,,
,109,135,X000ZOXEQ1,Sellable,1,0,,1,0,0.00,EUR
,109,204,X000ZP1VYR,Sellable,2,2,,0,0,,
,109,132,X000ZU1PYN,Sellable,1,1,,0,0,,
,109,219,X000ZUB6JH,Sellable,1,0,,1,0,0.00,EUR
,109,232,X000ZUMCO5,Sellable,1,0,,1,0,0.00,EUR
,109,229,X000ZUYYY1,Sellable,1,0,,1,0,0.00,EUR
,109,224,X000ZUZK9T,Sellable,1,0,,1,0,0.00,EUR
,109,237,X000ZV0LXX,Sellable,1,0,,1,0,0.00,EUR
,109,231,X000ZV0ZHP,Sellable,1,0,,1,0,0.00,EUR
,109,221,X000ZV1RSV,Sellable,1,1,,0,0,,
,109,240,X000ZVKV3X,Sellable,1,0,,1,0,0.00,EUR
,109,235,X000ZVL443,Sellable,1,0,,1,0,0.00,EUR
,109,306,X000ZW6B1D,Sellable,1,1,,0,0,,
,109,298,X000ZXE89J,Sellable,1,1,,0,0,,
,109,228,X000ZYT9XX,Sellable,1,1,,0,0,,
,109,242,X000ZYTBC7,Sellable,1,0,,1,0,0.00,EUR
,109,239,X000ZYTBGN,Sellable,1,0,,1,0,0.00,EUR
,109,236,X000ZYTOGP,Sellable,1,0,,1,0,0.00,EUR
,109,268,X000ZZYGZ3,Sellable,1,0,,1,0,0.00,EUR
,109,437,X00103VQ7F,Sellable,3,3,,0,0,,
,109,226,X0010GLSVB,Sellable,1,0,,1,0,0.00,EUR
,109,230,X0010GLX4X,Sellable,1,1,,0,0,,
,109,420,X0010PMCZD,Sellable,2,0,,2,0,0.00,EUR
,109,418,X0010SZ5ZJ,Sellable,1,0,,1,0,0.00,EUR
,109,446,X0010SZBGR,Sellable,1,0,,1,0,0.00,EUR
,109,475,X0011KTN8L,Sellable,1,1,,0,0,,
,109,491,X0011KTN8V,Sellable,4,4,,0,0,,
,109,474,X0011KTN95,Sellable,3,3,,0,0,,
,109,500,X0011KTN9Z,Sellable,5,5,,0,0,,
,109,569,X0011KTNAJ,Sellable,2,0,,2,0,0.00,EUR
,109,568,X0011KTNB3,Sellable,1,0,,1,0,0.00,EUR
,109,549,X0011KTNBD,Sellable,4,4,,0,0,,
,109,603,X0011KTNBX,Sellable,1,1,,0,0,,
,109,583,X0011KTNC7,Sellable,3,3,,0,0,,
,109,592,X0011KTNCH,Sellable,3,3,,0,0,,
,109,582,X0011KTND1,Sellable,2,2,,0,0,,
,109,635,X0011KTNDV,Sellable,2,0,,2,0,0.00,EUR
,109,496,X0011KTNIL,Sellable,3,3,,0,0,,
,109,484,X0011KTNIV,Sellable,5,5,,0,0,,
,109,499,X0011KTNJ5,Sellable,2,2,,0,0,,
,109,476,X0011KTNJF,Sellable,2,0,,2,0,0.00,EUR
,109,506,X0011KTNJZ,Sellable,2,2,,0,0,,
,109,553,X0011KTNL3,Sellable,2,2,,0,0,,
,109,540,X0011KTNLD,Sellable,3,3,,0,0,,
,109,562,X0011KTNLX,Sellable,1,1,,0,0,,
,109,608,X0011KTNM7,Sellable,2,2,,0,0,,
,109,579,X0011KTNMH,Sellable,5,1,,4,0,0.00,EUR
,109,605,X0011KTNN1,Sellable,2,0,,2,0,0.00,EUR
,109,588,X0011KTNNB,Sellable,1,1,,0,0,,
,109,661,X0011KTNNV,Sellable,2,2,,0,0,,
,109,653,X0011KTNO5,Sellable,3,3,,0,0,,
,109,655,X0011KTNOF,Sellable,1,1,,0,0,,
,109,671,X0011KTNOP,Sellable,2,0,,2,0,0.00,EUR
,109,657,X0011KTNOZ,Sellable,3,0,,3,0,0.00,EUR
,109,644,X0011KTNP9,Sellable,3,3,,0,0,,
,109,689,X0011KTNPT,Sellable,2,2,,0,0,,
,109,717,X0011KTNQN,Sellable,2,2,,0,0,,
,109,720,X0011KTNQX,Sellable,2,0,,2,0,0.00,EUR
,109,744,X0011KTNRR,Sellable,1,1,,0,0,,
,109,752,X0011KTNSB,Sellable,2,2,,0,0,,
,109,725,X0011KTNSL,Sellable,1,1,,0,0,,
,109,726,X0011KTNSV,Sellable,1,1,,0,0,,
,109,774,X0011KTNTF,Sellable,3,1,,2,0,0.00,EUR
,109,823,X0011KTNTP,Sellable,1,1,,0,0,,
,109,807,X0011KTNU9,Sellable,2,1,,1,0,0.00,EUR
,109,849,X0011KTNVD,Sellable,1,1,,0,0,,
,109,860,X0011KTNVX,Sellable,2,2,,0,0,,
,109,875,X0011KTNWR,Sellable,2,2,,0,0,,
,109,890,X0011KTNX1,Sellable,2,2,,0,0,,
,109,503,X0011KTOXF,Sellable,3,2,,1,0,0.00,EUR
,109,505,X0011KTOXP,Sellable,3,1,,2,0,0.00,EUR
,109,492,X0011KTOXZ,Sellable,2,2,,0,0,,
,109,514,X0011KTOYJ,Sellable,2,2,,0,0,,
,109,555,X0011KTOZ3,Sellable,2,2,,0,0,,
,109,554,X0011KTOZD,Sellable,1,1,,0,0,,
,109,571,X0011KTOZN,Sellable,2,2,,0,0,,
,109,557,X0011KTP07,Sellable,2,2,,0,0,,
,109,576,X0011KTP0R,Sellable,2,0,,2,0,0.00,EUR
,109,593,X0011KTP11,Sellable,4,1,,3,0,0.00,EUR
,109,612,X0011KTP1L,Sellable,1,1,,0,0,,
,109,637,X0011KTP25,Sellable,3,0,,3,0,0.00,EUR
,109,656,X0011KTP2P,Sellable,9,0,,9,0,0.00,EUR
,109,658,X0011KTP39,Sellable,1,1,,0,0,,
,109,711,X0011KTP3T,Sellable,2,2,,0,0,,
,109,691,X0011KTP43,Sellable,1,1,,0,0,,
,109,683,X0011KTP4D,Sellable,2,2,,0,0,,
,109,702,X0011KTP57,Sellable,1,1,,0,0,,
,109,756,X0011KTP5H,Sellable,2,2,,0,0,,
,109,735,X0011KTP5R,Sellable,2,2,,0,0,,
,109,728,X0011KTP6B,Sellable,2,0,,2,0,0.00,EUR
,109,736,X0011KTP6L,Sellable,4,0,,4,0,0.00,EUR
,109,792,X0011KTP75,Sellable,3,3,,0,0,,
,109,799,X0011KTP7F,Sellable,3,2,,1,0,0.00,EUR
,109,809,X0011KTP7P,Sellable,3,0,,3,0,0.00,EUR
,109,777,X0011KTP89,Sellable,3,0,,3,0,0.00,EUR
,109,863,X0011KTP8T,Sellable,3,3,,0,0,,
,109,845,X0011KTP9D,Sellable,2,2,,0,0,,
,109,856,X0011KTP9N,Sellable,2,0,,2,0,0.00,EUR
,109,861,X0011KTP9X,Sellable,1,1,,0,0,,
,109,885,X0011KTPA7,Sellable,1,0,,1,0,0.00,EUR
,109,888,X0011KTPAH,Sellable,3,0,,3,0,0.00,EUR
,109,634,X0011KUBR3,Sellable,2,2,,0,0,,
,109,640,X0011M6LBL,Sellable,1,1,,0,0,,
,109,712,X0011M6LCF,Sellable,2,2,,0,0,,
,109,685,X0011M6LCP,Sellable,1,1,,0,0,,
,109,694,X0011M6LD9,Sellable,2,0,,2,0,0.00,EUR
,109,674,X0011M6LDJ,Sellable,1,1,,0,0,,
,109,754,X0011M6LE3,Sellable,3,3,,0,0,,
,109,743,X0011M6LED,Sellable,3,3,,0,0,,
,109,732,X0011M6LEX,Sellable,5,5,,0,0,,
,109,796,X0011M6LG1,Sellable,3,3,,0,0,,
,109,790,X0011M6LGB,Sellable,1,1,,0,0,,
,109,789,X0011M6LGL,Sellable,3,2,,1,0,0.00,EUR
,109,797,X0011M6LH5,Sellable,1,1,,0,0,,
,109,842,X0011M6LHF,Sellable,2,0,,2,0,0.00,EUR
,109,839,X0011M6LHZ,Sellable,1,0,,1,0,0.00,EUR
,109,864,X0011M6LI9,Sellable,6,6,,0,0,,
,109,855,X0011M6LIT,Sellable,2,2,,0,0,,
,109,882,X0011M6LJD,Sellable,2,0,,2,0,0.00,EUR
,109,883,X0011M6LJN,Sellable,4,4,,0,0,,
,109,504,X0011M79HB,Sellable,1,1,,0,0,,
,109,537,X0011M7B4H,Sellable,3,3,,0,0,,
,109,812,X0011M7C0F,Sellable,3,3,,0,0,,
,109,577,X0011M7DB3,Sellable,2,2,,0,0,,
,109,873,X0011M7E4T,Sellable,1,1,,0,0,,
,109,620,X0011M7ETJ,Sellable,2,2,,0,0,,
,109,487,X0011NV4MB,Sellable,3,3,,0,0,,
,109,522,X0011NV4MV,Sellable,2,2,,0,0,,
,109,495,X0011NV4NP,Sellable,4,4,,0,0,,
,109,527,X0011NV4O9,Sellable,3,0,,3,0,0.00,EUR
,109,524,X0011NV4OJ,Sellable,1,0,,1,0,0.00,EUR
,109,558,X0011NV4P3,Sellable,2,0,,2,0,0.00,EUR
,109,578,X0011NV4PD,Sellable,2,0,,2,0,0.00,EUR
,109,590,X0011NV4PN,Sellable,3,0,,3,0,0.00,EUR
,109,580,X0011NV4Q7,Sellable,4,4,,0,0,,
,109,621,X0011NV4QH,Sellable,2,2,,0,0,,
,109,643,X0011NV4QR,Sellable,3,0,,3,0,0.00,EUR
,109,666,X0011NV4R1,Sellable,2,2,,0,0,,
,109,628,X0011NV4RB,Sellable,3,3,,0,0,,
,109,667,X0011NV4RL,Sellable,3,3,,0,0,,
,109,662,X0011NV4RV,Sellable,2,2,,0,0,,
,109,638,X0011NV4S5,Sellable,3,3,,0,0,,
,109,684,X0011NV4SF,Sellable,3,3,,0,0,,
,109,710,X0011NV4SP,Sellable,3,0,,3,0,0.00,EUR
,109,680,X0011NV4SZ,Sellable,3,3,,0,0,,
,109,733,X0011NV4TJ,Sellable,3,0,,3,0,0.00,EUR
,109,747,X0011NV4U3,Sellable,1,0,,1,0,0.00,EUR
,109,767,X0011NV4UN,Sellable,2,2,,0,0,,
,109,762,X0011NV4UX,Sellable,2,0,,2,0,0.00,EUR
,109,781,X0011NV4VH,Sellable,2,2,,0,0,,
,109,783,X0011NV4VR,Sellable,1,1,,0,0,,
,109,785,X0011NV4WB,Sellable,9,9,,0,0,,
,109,804,X0011NV4WL,Sellable,3,3,,0,0,,
,109,872,X0011NV4WV,Sellable,1,0,,1,0,0.00,EUR
,109,853,X0011NV4X5,Sellable,1,1,,0,0,,
,109,871,X0011NV4XZ,Sellable,1,0,,1,0,0.00,EUR
,109,848,X0011NV4Y9,Sellable,1,0,,1,0,0.00,EUR
,109,884,X0011NV4YJ,Sellable,1,1,,0,0,,
,109,494,X0011NV6ID,Sellable,3,3,,0,0,,
,109,518,X0011NV6IN,Sellable,3,3,,0,0,,
,109,490,X0011NV6IX,Sellable,1,1,,0,0,,
,109,513,X0011NV6J7,Sellable,2,0,,2,0,0.00,EUR
,109,501,X0011NV6JH,Sellable,1,1,,0,0,,
,109,573,X0011NV6K1,Sellable,2,0,,2,0,0.00,EUR
,109,538,X0011NV6KB,Sellable,3,3,,0,0,,
,109,552,X0011NV6KV,Sellable,3,2,,1,0,0.00,EUR
,109,548,X0011NV6L5,Sellable,4,4,,0,0,,
,109,533,X0011NV6LF,Sellable,3,2,,1,0,0.00,EUR
,109,595,X0011NV6LP,Sellable,1,0,,1,0,0.00,EUR
,109,611,X0011NV6M9,Sellable,2,2,,0,0,,
,109,665,X0011NV6O7,Sellable,1,1,,0,0,,
,109,626,X0011NV6OR,Sellable,2,2,,0,0,,
,109,697,X0011NV6P1,Sellable,1,0,,1,0,0.00,EUR
,109,698,X0011NV6PV,Sellable,5,0,,5,0,0.00,EUR
,109,734,X0011NV6QP,Sellable,3,1,,2,0,0.00,EUR
,109,765,X0011NV6RJ,Sellable,2,2,,0,0,,
,109,750,X0011NV6S3,Sellable,4,4,,0,0,,
,109,780,X0011NV6SX,Sellable,1,1,,0,0,,
,109,811,X0011NV6T7,Sellable,6,6,,0,0,,
,109,794,X0011NV6TH,Sellable,3,3,,0,0,,
,109,816,X0011NV6TR,Sellable,2,0,,2,0,0.00,EUR
,109,1261,X0011NV6UB,Sellable,1,1,,0,0,,
,109,838,X0011NV6UL,Sellable,1,0,,1,0,0.00,EUR
,109,846,X0011NV6UV,Sellable,2,0,,2,0,0.00,EUR
,109,707,X0011NVLND,Sellable,2,0,,2,0,0.00,EUR
,109,664,X0011NVMMD,Sellable,1,1,,0,0,,
,109,886,X0011PA0ER,Sellable,1,1,,0,0,,
,109,493,X0011QN787,Sellable,3,3,,0,0,,
,109,481,X0011QN78H,Sellable,2,2,,0,0,,
,109,485,X0011QN78R,Sellable,2,2,,0,0,,
,109,567,X0011QN79V,Sellable,2,2,,0,0,,
,109,566,X0011QN7A5,Sellable,1,0,,1,0,0.00,EUR
,109,531,X0011QN7AF,Sellable,2,2,,0,0,,
,109,535,X0011QN7AZ,Sellable,2,0,,2,0,0.00,EUR
,109,543,X0011QN7B9,Sellable,2,2,,0,0,,
,109,615,X0011QN7BT,Sellable,3,2,,1,0,0.00,EUR
,109,596,X0011QN7CD,Sellable,4,3,,1,0,0.00,EUR
,109,617,X0011QN7CN,Sellable,5,5,,0,0,,
,109,632,X0011QN7DH,Sellable,3,1,,2,0,0.00,EUR
,109,641,X0011QN7DR,Sellable,3,3,,0,0,,
,109,627,X0011QN7E1,Sellable,3,3,,0,0,,
,109,625,X0011QN7EB,Sellable,5,5,,0,0,,
,109,629,X0011QN7EL,Sellable,1,1,,0,0,,
,109,706,X0011QN7F5,Sellable,3,3,,0,0,,
,109,692,X0011QN7FP,Sellable,3,3,,0,0,,
,109,688,X0011QN7FZ,Sellable,2,2,,0,0,,
,109,723,X0011QN7G9,Sellable,2,2,,0,0,,
,109,753,X0011QN7GT,Sellable,2,2,,0,0,,
,109,737,X0011QN7H3,Sellable,7,4,,3,0,0.00,EUR
,109,770,X0011QN7HD,Sellable,2,2,,0,0,,
,109,768,X0011QN7HN,Sellable,3,3,,0,0,,
,109,731,X0011QN7HX,Sellable,3,3,,0,0,,
,109,724,X0011QN7I7,Sellable,3,3,,0,0,,
,109,821,X0011QN7IR,Sellable,1,1,,0,0,,
,109,782,X0011QN7J1,Sellable,2,2,,0,0,,
,109,793,X0011QN7JB,Sellable,1,1,,0,0,,
,109,831,X0011QN7JV,Sellable,1,1,,0,0,,
,109,889,X0011QN7LJ,Sellable,2,0,,2,0,0.00,EUR
,109,891,X0011QN7LT,Sellable,1,1,,0,0,,
,109,519,X0011QNOQR,Sellable,3,3,,0,0,,
,109,508,X0011QNOR1,Sellable,2,2,,0,0,,
,109,509,X0011QNORB,Sellable,3,0,,3,0,0.00,EUR
,109,479,X0011QNORV,Sellable,1,0,,1,0,0.00,EUR
,109,486,X0011QNOS5,Sellable,1,1,,0,0,,
,109,545,X0011QNOSF,Sellable,3,2,,1,0,0.00,EUR
,109,561,X0011QNOSP,Sellable,2,0,,2,0,0.00,EUR
,109,546,X0011QNOSZ,Sellable,1,1,,0,0,,
,109,532,X0011QNOT9,Sellable,1,0,,1,0,0.00,EUR
,109,542,X0011QNOTJ,Sellable,1,0,,1,0,0.00,EUR
,109,587,X0011QNOU3,Sellable,3,3,,0,0,,
,109,604,X0011QNOUD,Sellable,1,1,,0,0,,
,109,623,X0011QNOUN,Sellable,2,2,,0,0,,
,109,601,X0011QNOUX,Sellable,2,0,,2,0,0.00,EUR
,109,645,X0011QNOV7,Sellable,2,2,,0,0,,
,109,636,X0011QNOVH,Sellable,3,2,,1,0,0.00,EUR
,109,649,X0011QNOVR,Sellable,2,0,,2,0,0.00,EUR
,109,654,X0011QNOW1,Sellable,3,0,,3,0,0.00,EUR
,109,715,X0011QNOWV,Sellable,3,0,,3,0,0.00,EUR
,109,679,X0011QNOX5,Sellable,2,0,,2,0,0.00,EUR
,109,682,X0011QNOXF,Sellable,3,0,,3,0,0.00,EUR
,109,704,X0011QNOXP,Sellable,2,2,,0,0,,
,109,700,X0011QNOXZ,Sellable,3,3,,0,0,,
,109,677,X0011QNOY9,Sellable,1,1,,0,0,,
,109,763,X0011QNOYJ,Sellable,2,2,,0,0,,
,109,773,X0011QNOZN,Sellable,3,3,,0,0,,
,109,798,X0011QNP07,Sellable,3,3,,0,0,,
,109,800,X0011QNP0H,Sellable,1,1,,0,0,,
,109,775,X0011QNP0R,Sellable,4,0,,4,0,0.00,EUR
,109,784,X0011QNP11,Sellable,4,1,,3,0,0.00,EUR
,109,815,X0011QNP1B,Sellable,5,3,,2,0,0.00,EUR
,109,818,X0011QNP1L,Sellable,2,2,,0,0,,
,109,824,X0011QNP25,Sellable,2,1,,1,0,0.00,EUR
,109,847,X0011QNP2P,Sellable,2,2,,0,0,,
,109,835,X0011QNP3J,Sellable,3,3,,0,0,,
,109,887,X0011QNP3T,Sellable,2,2,,0,0,,
,109,874,X0011QNP43,Sellable,2,1,,1,0,0.00,EUR
,109,836,X0011QNP4D,Sellable,1,1,,0,0,,
,109,517,X0011QNT2V,Sellable,3,3,,0,0,,
,109,488,X0011QNT35,Sellable,1,1,,0,0,,
,109,511,X0011QNT3F,Sellable,2,0,,2,0,0.00,EUR
,109,520,X0011QNT3P,Sellable,2,2,,0,0,,
,109,565,X0011QNT49,Sellable,4,4,,0,0,,
,109,564,X0011QNT4J,Sellable,3,3,,0,0,,
,109,559,X0011QNT4T,Sellable,3,3,,0,0,,
,109,544,X0011QNT53,Sellable,1,1,,0,0,,
,109,536,X0011QNT5N,Sellable,2,0,,2,0,0.00,EUR
,109,599,X0011QNT5X,Sellable,2,0,,2,0,0.00,EUR
,109,591,X0011QNT67,Sellable,2,2,,0,0,,
,109,610,X0011QNT6H,Sellable,1,1,,0,0,,
,109,575,X0011QNT6R,Sellable,2,2,,0,0,,
,109,619,X0011QNT7B,Sellable,1,1,,0,0,,
,109,652,X0011QNT7V,Sellable,2,0,,2,0,0.00,EUR
,109,647,X0011QNT8P,Sellable,3,3,,0,0,,
,109,642,X0011QNT8Z,Sellable,2,0,,2,0,0.00,EUR
,109,716,X0011QNT9J,Sellable,4,0,,4,0,0.00,EUR
,109,705,X0011QNT9T,Sellable,1,1,,0,0,,
,109,713,X0011QNTAN,Sellable,1,1,,0,0,,
,109,693,X0011QNTAX,Sellable,4,1,,3,0,0.00,EUR
,109,741,X0011QNTB7,Sellable,5,0,,5,0,0.00,EUR
,109,772,X0011QNTBH,Sellable,2,1,,1,0,0.00,EUR
,109,730,X0011QNTCL,Sellable,3,3,,0,0,,
,109,787,X0011QNTCV,Sellable,3,2,,1,0,0.00,EUR
,109,776,X0011QNTD5,Sellable,2,2,,0,0,,
,109,813,X0011QNTDF,Sellable,3,3,,0,0,,
,109,808,X0011QNTE9,Sellable,1,1,,0,0,,
,109,830,X0011QNTEJ,Sellable,2,2,,0,0,,
,109,868,X0011QNTF3,Sellable,2,2,,0,0,,
,109,828,X0011QNTFD,Sellable,2,1,,1,0,0.00,EUR
,109,521,X0011QNWPF,Sellable,1,1,,0,0,,
,109,478,X0011QNWPP,Sellable,2,2,,0,0,,
,109,523,X0011QNWPZ,Sellable,2,0,,2,0,0.00,EUR
,109,512,X0011QNWQ9,Sellable,2,0,,2,0,0.00,EUR
,109,515,X0011QNWQJ,Sellable,3,0,,3,0,0.00,EUR
,109,550,X0011QNWQT,Sellable,2,2,,0,0,,
,109,526,X0011QNWR3,Sellable,2,1,,1,0,0.00,EUR
,109,528,X0011QNWS7,Sellable,4,3,,1,0,0.00,EUR
,109,585,X0011QNWSR,Sellable,2,2,,0,0,,
,109,594,X0011QNWT1,Sellable,1,1,,0,0,,
,109,622,X0011QNWTL,Sellable,2,2,,0,0,,
,109,606,X0011QNWTV,Sellable,2,2,,0,0,,
,109,631,X0011QNWUZ,Sellable,2,2,,0,0,,
,109,633,X0011QNWVT,Sellable,2,2,,0,0,,
,109,722,X0011QNWW3,Sellable,1,0,,1,0,0.00,EUR
,109,699,X0011QNWWD,Sellable,2,2,,0,0,,
,109,686,X0011QNWWX,Sellable,3,1,,2,0,0.00,EUR
,109,703,X0011QNWX7,Sellable,2,2,,0,0,,
,109,695,X0011QNWXH,Sellable,2,0,,2,0,0.00,EUR
,109,761,X0011QNWXR,Sellable,6,6,,0,0,,
,109,738,X0011QNWYB,Sellable,3,3,,0,0,,
,109,759,X0011QNWYL,Sellable,3,0,,3,0,0.00,EUR
,109,740,X0011QNWYV,Sellable,2,0,,2,0,0.00,EUR
,109,771,X0011QNWZ5,Sellable,3,3,,0,0,,
,109,778,X0011QNWZP,Sellable,2,2,,0,0,,
,109,820,X0011QNX09,Sellable,1,1,,0,0,,
,109,803,X0011QNX0J,Sellable,2,0,,2,0,0.00,EUR
,109,843,X0011QNX0T,Sellable,1,1,,0,0,,
,109,850,X0011QNX1D,Sellable,4,4,,0,0,,
,109,879,X0011QNZDJ,Sellable,2,2,,0,0,,
,109,876,X0011QNZDT,Sellable,2,2,,0,0,,
,109,597,X0011QO2QN,Sellable,1,0,,1,0,0.00,EUR
,109,551,X0011QOW0T,Sellable,2,2,,0,0,,
,109,870,X0011QOYUH,Sellable,2,2,,0,0,,
,109,1013,X0013LGFE3,Unsellable,1,1,,0,0,,
,109,1429,X0014N1MJX,Unsellable,1,1,,0,0,,
,109,1690,X0016K00JH,Unsellable,1,1,,0,0,,
,109,1572,X0016K00QZ,Unsellable,1,1,,0,0,,
,109,1826,X0016K0303,Unsellable,1,1,,0,0,,
,109,2227,X00173UKNJ,Unsellable,1,1,,0,0,,
,109,2242,X0017BEP6J,Sellable,15,0,,15,0,0.00,EUR
,110,1013,X0013LGFE3,Unsellable,1,0,,1,0,0.00,EUR
,110,1572,X0016K00QZ,Unsellable,1,0,,1,0,0.00,EUR
,110,1826,X0016K0303,Unsellable,1,0,,1,0,0.00,EUR
,112,290,B06XCP6CCZ,Sellable,1,0,,1,0,0.00,EUR
,112,11,X000YYNSDB,Sellable,1,0,,1,0,0.00,EUR
,112,4,X000YYNVAV,Sellable,1,1,,0,0,,
,112,15,X000YYNWA5,Unsellable,1,1,,0,0,,
,112,44,X000Z2QEZ1,Sellable,2,2,,0,0,,
,112,51,X000Z2QLMH,Sellable,1,1,,0,0,,
,112,50,X000Z2QR8P,Sellable,3,3,,0,0,,
,112,100,X000Z87A9J,Sellable,1,1,,0,0,,
,112,123,X000Z99K5Z,Sellable,1,0,,1,0,0.00,EUR
,112,119,X000Z99KA5,Sellable,1,0,,1,0,0.00,EUR
,112,38,X000ZACS0N,Sellable,2,2,,0,0,,
,112,39,X000ZACS53,Sellable,2,0,,2,0,0.00,EUR
,112,55,X000ZF18QN,Sellable,2,2,,0,0,,
,112,73,X000ZFE1MV,Sellable,2,2,,0,0,,
,112,187,X000ZHAXNF,Sellable,1,0,,1,0,0.00,EUR
,112,197,X000ZHB0FZ,Sellable,2,0,,2,0,0.00,EUR
,112,142,X000ZL0ZAH,Sellable,1,0,,1,0,0.00,EUR
,112,124,X000ZL11SH,Sellable,1,1,,0,0,,
,112,121,X000ZL12DB,Sellable,1,0,,1,0,0.00,EUR
,112,122,X000ZL14C5,Sellable,1,0,,1,0,0.00,EUR
,112,139,X000ZL14IJ,Sellable,1,1,,0,0,,
,112,151,X000ZL14QV,Sellable,1,0,,1,0,0.00,EUR
,112,191,X000ZL586N,Sellable,2,0,,2,0,0.00,EUR
,112,66,X000ZMXG6L,Sellable,2,2,,0,0,,
,112,101,X000ZNSACF,Sellable,1,1,,0,0,,
,112,129,X000ZOX7GX,Sellable,2,1,,1,0,0.00,EUR
,112,137,X000ZOXCLD,Sellable,1,0,,1,0,0.00,EUR
,112,135,X000ZOXEQ1,Sellable,1,1,,0,0,,
,112,204,X000ZP1VYR,Sellable,2,0,,2,0,0.00,EUR
,112,132,X000ZU1PYN,Sellable,1,0,,1,0,0.00,EUR
,112,219,X000ZUB6JH,Sellable,1,1,,0,0,,
,112,232,X000ZUMCO5,Sellable,1,1,,0,0,,
,112,229,X000ZUYYY1,Sellable,1,1,,0,0,,
,112,224,X000ZUZK9T,Sellable,1,1,,0,0,,
,112,237,X000ZV0LXX,Sellable,1,1,,0,0,,
,112,231,X000ZV0ZHP,Sellable,1,1,,0,0,,
,112,221,X000ZV1RSV,Sellable,1,0,,1,0,0.00,EUR
,112,240,X000ZVKV3X,Sellable,1,1,,0,0,,
,112,235,X000ZVL443,Sellable,1,1,,0,0,,
,112,306,X000ZW6B1D,Sellable,1,0,,1,0,0.00,EUR
,112,298,X000ZXE89J,Sellable,1,0,,1,0,0.00,EUR
,112,228,X000ZYT9XX,Sellable,1,0,,1,0,0.00,EUR
,112,242,X000ZYTBC7,Sellable,1,1,,0,0,,
,112,239,X000ZYTBGN,Sellable,1,1,,0,0,,
,112,236,X000ZYTOGP,Sellable,1,1,,0,0,,
,112,268,X000ZZYGZ3,Sellable,1,1,,0,0,,
,112,437,X00103VQ7F,Sellable,3,0,,3,0,0.00,EUR
,112,226,X0010GLSVB,Sellable,1,1,,0,0,,
,112,230,X0010GLX4X,Sellable,1,0,,1,0,0.00,EUR
,112,420,X0010PMCZD,Sellable,2,2,,0,0,,
,112,418,X0010SZ5ZJ,Sellable,1,1,,0,0,,
,112,446,X0010SZBGR,Sellable,1,1,,0,0,,
,112,475,X0011KTN8L,Sellable,1,0,,1,0,0.00,EUR
,112,491,X0011KTN8V,Sellable,4,0,,4,0,0.00,EUR
,112,474,X0011KTN95,Sellable,3,0,,3,0,0.00,EUR
,112,500,X0011KTN9Z,Sellable,5,0,,5,0,0.00,EUR
,112,569,X0011KTNAJ,Sellable,2,2,,0,0,,
,112,568,X0011KTNB3,Sellable,1,1,,0,0,,
,112,549,X0011KTNBD,Sellable,4,0,,4,0,0.00,EUR
,112,603,X0011KTNBX,Sellable,1,0,,1,0,0.00,EUR
,112,583,X0011KTNC7,Sellable,3,0,,3,0,0.00,EUR
,112,592,X0011KTNCH,Sellable,3,0,,3,0,0.00,EUR
,112,582,X0011KTND1,Sellable,2,0,,2,0,0.00,EUR
,112,635,X0011KTNDV,Sellable,2,2,,0,0,,
,112,496,X0011KTNIL,Sellable,3,0,,3,0,0.00,EUR
,112,484,X0011KTNIV,Sellable,5,0,,5,0,0.00,EUR
,112,499,X0011KTNJ5,Sellable,2,0,,2,0,0.00,EUR
,112,476,X0011KTNJF,Sellable,2,2,,0,0,,
,112,506,X0011KTNJZ,Sellable,2,0,,2,0,0.00,EUR
,112,553,X0011KTNL3,Sellable,2,0,,2,0,0.00,EUR
,112,540,X0011KTNLD,Sellable,3,0,,3,0,0.00,EUR
,112,562,X0011KTNLX,Sellable,1,0,,1,0,0.00,EUR
,112,608,X0011KTNM7,Sellable,2,0,,2,0,0.00,EUR
,112,579,X0011KTNMH,Sellable,5,4,,1,0,0.00,EUR
,112,605,X0011KTNN1,Sellable,2,2,,0,0,,
,112,588,X0011KTNNB,Sellable,1,0,,1,0,0.00,EUR
,112,661,X0011KTNNV,Sellable,2,0,,2,0,0.00,EUR
,112,653,X0011KTNO5,Sellable,3,0,,3,0,0.00,EUR
,112,655,X0011KTNOF,Sellable,1,0,,1,0,0.00,EUR
,112,671,X0011KTNOP,Sellable,2,2,,0,0,,
,112,657,X0011KTNOZ,Sellable,3,3,,0,0,,
,112,644,X0011KTNP9,Sellable,3,0,,3,0,0.00,EUR
,112,689,X0011KTNPT,Sellable,2,0,,2,0,0.00,EUR
,112,717,X0011KTNQN,Sellable,2,0,,2,0,0.00,EUR
,112,720,X0011KTNQX,Sellable,2,2,,0,0,,
,112,744,X0011KTNRR,Sellable,1,0,,1,0,0.00,EUR
,112,752,X0011KTNSB,Sellable,2,0,,2,0,0.00,EUR
,112,725,X0011KTNSL,Sellable,1,0,,1,0,0.00,EUR
,112,726,X0011KTNSV,Sellable,1,0,,1,0,0.00,EUR
,112,774,X0011KTNTF,Sellable,3,2,,1,0,0.00,EUR
,112,823,X0011KTNTP,Sellable,1,0,,1,0,0.00,EUR
,112,807,X0011KTNU9,Sellable,2,2,,0,0,,
,112,849,X0011KTNVD,Sellable,1,0,,1,0,0.00,EUR
,112,860,X0011KTNVX,Sellable,2,0,,2,0,0.00,EUR
,112,875,X0011KTNWR,Sellable,2,0,,2,0,0.00,EUR
,112,890,X0011KTNX1,Sellable,2,0,,2,0,0.00,EUR
,112,503,X0011KTOXF,Sellable,3,1,,2,0,0.00,EUR
,112,505,X0011KTOXP,Sellable,3,2,,1,0,0.00,EUR
,112,492,X0011KTOXZ,Sellable,2,0,,2,0,0.00,EUR
,112,514,X0011KTOYJ,Sellable,2,0,,2,0,0.00,EUR
,112,555,X0011KTOZ3,Sellable,2,0,,2,0,0.00,EUR
,112,554,X0011KTOZD,Sellable,1,0,,1,0,0.00,EUR
,112,571,X0011KTOZN,Sellable,2,0,,2,0,0.00,EUR
,112,557,X0011KTP07,Sellable,2,0,,2,0,0.00,EUR
,112,576,X0011KTP0R,Sellable,2,2,,0,0,,
,112,593,X0011KTP11,Sellable,4,3,,1,0,0.00,EUR
,112,612,X0011KTP1L,Sellable,1,0,,1,0,0.00,EUR
,112,637,X0011KTP25,Sellable,3,3,,0,0,,
,112,656,X0011KTP2P,Sellable,9,9,,0,0,,
,112,658,X0011KTP39,Sellable,1,0,,1,0,0.00,EUR
,112,711,X0011KTP3T,Sellable,2,0,,2,0,0.00,EUR
,112,691,X0011KTP43,Sellable,1,0,,1,0,0.00,EUR
,112,683,X0011KTP4D,Sellable,2,0,,2,0,0.00,EUR
,112,702,X0011KTP57,Sellable,1,0,,1,0,0.00,EUR
,112,756,X0011KTP5H,Sellable,2,0,,2,0,0.00,EUR
,112,735,X0011KTP5R,Sellable,2,0,,2,0,0.00,EUR
,112,728,X0011KTP6B,Sellable,2,2,,0,0,,
,112,736,X0011KTP6L,Sellable,4,4,,0,0,,
,112,792,X0011KTP75,Sellable,3,0,,3,0,0.00,EUR
,112,799,X0011KTP7F,Sellable,3,1,,2,0,0.00,EUR
,112,809,X0011KTP7P,Sellable,3,3,,0,0,,
,112,777,X0011KTP89,Sellable,3,3,,0,0,,
,112,863,X0011KTP8T,Sellable,3,0,,3,0,0.00,EUR
,112,845,X0011KTP9D,Sellable,2,0,,2,0,0.00,EUR
,112,856,X0011KTP9N,Sellable,2,2,,0,0,,
,112,861,X0011KTP9X,Sellable,1,0,,1,0,0.00,EUR
,112,885,X0011KTPA7,Sellable,1,1,,0,0,,
,112,888,X0011KTPAH,Sellable,3,3,,0,0,,
,112,634,X0011KUBR3,Sellable,2,0,,2,0,0.00,EUR
,112,640,X0011M6LBL,Sellable,1,0,,1,0,0.00,EUR
,112,712,X0011M6LCF,Sellable,2,0,,2,0,0.00,EUR
,112,685,X0011M6LCP,Sellable,1,0,,1,0,0.00,EUR
,112,694,X0011M6LD9,Sellable,2,2,,0,0,,
,112,674,X0011M6LDJ,Sellable,1,1,,0,0,,
,112,754,X0011M6LE3,Sellable,3,0,,3,0,0.00,EUR
,112,743,X0011M6LED,Sellable,3,0,,3,0,0.00,EUR
,112,732,X0011M6LEX,Sellable,5,0,,5,0,0.00,EUR
,112,796,X0011M6LG1,Sellable,3,0,,3,0,0.00,EUR
,112,790,X0011M6LGB,Sellable,1,0,,1,0,0.00,EUR
,112,789,X0011M6LGL,Sellable,3,1,,2,0,0.00,EUR
,112,797,X0011M6LH5,Sellable,1,0,,1,0,0.00,EUR
,112,842,X0011M6LHF,Sellable,2,2,,0,0,,
,112,839,X0011M6LHZ,Sellable,1,1,,0,0,,
,112,864,X0011M6LI9,Sellable,6,0,,6,0,0.00,EUR
,112,855,X0011M6LIT,Sellable,2,0,,2,0,0.00,EUR
,112,882,X0011M6LJD,Sellable,2,2,,0,0,,
,112,883,X0011M6LJN,Sellable,4,0,,4,0,0.00,EUR
,112,504,X0011M79HB,Sellable,1,0,,1,0,0.00,EUR
,112,537,X0011M7B4H,Sellable,3,0,,3,0,0.00,EUR
,112,812,X0011M7C0F,Sellable,3,0,,3,0,0.00,EUR
,112,577,X0011M7DB3,Sellable,2,0,,2,0,0.00,EUR
,112,873,X0011M7E4T,Sellable,1,0,,1,0,0.00,EUR
,112,620,X0011M7ETJ,Sellable,2,0,,2,0,0.00,EUR
,112,487,X0011NV4MB,Sellable,3,0,,3,0,0.00,EUR
,112,522,X0011NV4MV,Sellable,2,0,,2,0,0.00,EUR
,112,495,X0011NV4NP,Sellable,4,0,,4,0,0.00,EUR
,112,527,X0011NV4O9,Sellable,3,3,,0,0,,
,112,524,X0011NV4OJ,Sellable,1,1,,0,0,,
,112,558,X0011NV4P3,Sellable,2,2,,0,0,,
,112,578,X0011NV4PD,Sellable,2,2,,0,0,,
,112,590,X0011NV4PN,Sellable,3,3,,0,0,,
,112,580,X0011NV4Q7,Sellable,4,0,,4,0,0.00,EUR
,112,621,X0011NV4QH,Sellable,2,0,,2,0,0.00,EUR
,112,643,X0011NV4QR,Sellable,3,3,,0,0,,
,112,666,X0011NV4R1,Sellable,2,0,,2,0,0.00,EUR
,112,628,X0011NV4RB,Sellable,3,0,,3,0,0.00,EUR
,112,667,X0011NV4RL,Sellable,3,0,,3,0,0.00,EUR
,112,662,X0011NV4RV,Sellable,2,0,,2,0,0.00,EUR
,112,638,X0011NV4S5,Sellable,3,0,,3,0,0.00,EUR
,112,684,X0011NV4SF,Sellable,3,0,,3,0,0.00,EUR
,112,710,X0011NV4SP,Sellable,3,3,,0,0,,
,112,680,X0011NV4SZ,Sellable,3,0,,3,0,0.00,EUR
,112,733,X0011NV4TJ,Sellable,3,3,,0,0,,
,112,747,X0011NV4U3,Sellable,1,1,,0,0,,
,112,767,X0011NV4UN,Sellable,2,0,,2,0,0.00,EUR
,112,762,X0011NV4UX,Sellable,2,2,,0,0,,
,112,781,X0011NV4VH,Sellable,2,0,,2,0,0.00,EUR
,112,783,X0011NV4VR,Sellable,1,0,,1,0,0.00,EUR
,112,785,X0011NV4WB,Sellable,9,0,,9,0,0.00,EUR
,112,804,X0011NV4WL,Sellable,3,0,,3,0,0.00,EUR
,112,872,X0011NV4WV,Sellable,1,1,,0,0,,
,112,853,X0011NV4X5,Sellable,1,0,,1,0,0.00,EUR
,112,871,X0011NV4XZ,Sellable,1,1,,0,0,,
,112,848,X0011NV4Y9,Sellable,1,1,,0,0,,
,112,884,X0011NV4YJ,Sellable,1,0,,1,0,0.00,EUR
,112,494,X0011NV6ID,Sellable,3,0,,3,0,0.00,EUR
,112,518,X0011NV6IN,Sellable,3,0,,3,0,0.00,EUR
,112,490,X0011NV6IX,Sellable,1,0,,1,0,0.00,EUR
,112,513,X0011NV6J7,Sellable,2,2,,0,0,,
,112,501,X0011NV6JH,Sellable,1,0,,1,0,0.00,EUR
,112,573,X0011NV6K1,Sellable,2,2,,0,0,,
,112,538,X0011NV6KB,Sellable,3,0,,3,0,0.00,EUR
,112,552,X0011NV6KV,Sellable,3,1,,2,0,0.00,EUR
,112,548,X0011NV6L5,Sellable,4,0,,4,0,0.00,EUR
,112,533,X0011NV6LF,Sellable,3,1,,2,0,0.00,EUR
,112,595,X0011NV6LP,Sellable,1,1,,0,0,,
,112,611,X0011NV6M9,Sellable,2,0,,2,0,0.00,EUR
,112,665,X0011NV6O7,Sellable,1,0,,1,0,0.00,EUR
,112,626,X0011NV6OR,Sellable,2,0,,2,0,0.00,EUR
,112,697,X0011NV6P1,Sellable,1,1,,0,0,,
,112,698,X0011NV6PV,Sellable,5,5,,0,0,,
,112,734,X0011NV6QP,Sellable,3,2,,1,0,0.00,EUR
,112,765,X0011NV6RJ,Sellable,2,0,,2,0,0.00,EUR
,112,750,X0011NV6S3,Sellable,4,0,,4,0,0.00,EUR
,112,780,X0011NV6SX,Sellable,1,0,,1,0,0.00,EUR
,112,811,X0011NV6T7,Sellable,6,0,,6,0,0.00,EUR
,112,794,X0011NV6TH,Sellable,3,0,,3,0,0.00,EUR
,112,816,X0011NV6TR,Sellable,2,2,,0,0,,
,112,1261,X0011NV6UB,Sellable,1,0,,1,0,0.00,EUR
,112,838,X0011NV6UL,Sellable,1,1,,0,0,,
,112,846,X0011NV6UV,Sellable,2,2,,0,0,,
,112,707,X0011NVLND,Sellable,2,2,,0,0,,
,112,664,X0011NVMMD,Sellable,1,0,,1,0,0.00,EUR
,112,886,X0011PA0ER,Sellable,1,1,,0,0,,
,112,493,X0011QN787,Sellable,3,0,,3,0,0.00,EUR
,112,481,X0011QN78H,Sellable,2,0,,2,0,0.00,EUR
,112,485,X0011QN78R,Sellable,2,0,,2,0,0.00,EUR
,112,567,X0011QN79V,Sellable,2,0,,2,0,0.00,EUR
,112,566,X0011QN7A5,Sellable,1,1,,0,0,,
,112,531,X0011QN7AF,Sellable,2,0,,2,0,0.00,EUR
,112,535,X0011QN7AZ,Sellable,2,2,,0,0,,
,112,543,X0011QN7B9,Sellable,2,0,,2,0,0.00,EUR
,112,615,X0011QN7BT,Sellable,3,1,,2,0,0.00,EUR
,112,596,X0011QN7CD,Sellable,4,1,,3,0,0.00,EUR
,112,617,X0011QN7CN,Sellable,5,0,,5,0,0.00,EUR
,112,632,X0011QN7DH,Sellable,3,2,,1,0,0.00,EUR
,112,641,X0011QN7DR,Sellable,3,0,,3,0,0.00,EUR
,112,627,X0011QN7E1,Sellable,3,0,,3,0,0.00,EUR
,112,625,X0011QN7EB,Sellable,5,0,,5,0,0.00,EUR
,112,629,X0011QN7EL,Sellable,1,0,,1,0,0.00,EUR
,112,706,X0011QN7F5,Sellable,3,0,,3,0,0.00,EUR
,112,692,X0011QN7FP,Sellable,3,0,,3,0,0.00,EUR
,112,688,X0011QN7FZ,Sellable,2,0,,2,0,0.00,EUR
,112,723,X0011QN7G9,Sellable,2,0,,2,0,0.00,EUR
,112,753,X0011QN7GT,Sellable,2,0,,2,0,0.00,EUR
,112,737,X0011QN7H3,Sellable,7,3,,4,0,0.00,EUR
,112,770,X0011QN7HD,Sellable,2,0,,2,0,0.00,EUR
,112,768,X0011QN7HN,Sellable,3,0,,3,0,0.00,EUR
,112,731,X0011QN7HX,Sellable,3,0,,3,0,0.00,EUR
,112,724,X0011QN7I7,Sellable,3,0,,3,0,0.00,EUR
,112,821,X0011QN7IR,Sellable,1,0,,1,0,0.00,EUR
,112,782,X0011QN7J1,Sellable,2,0,,2,0,0.00,EUR
,112,793,X0011QN7JB,Sellable,1,0,,1,0,0.00,EUR
,112,831,X0011QN7JV,Sellable,1,0,,1,0,0.00,EUR
,112,889,X0011QN7LJ,Sellable,2,2,,0,0,,
,112,891,X0011QN7LT,Sellable,1,0,,1,0,0.00,EUR
,112,519,X0011QNOQR,Sellable,3,0,,3,0,0.00,EUR
,112,508,X0011QNOR1,Sellable,2,0,,2,0,0.00,EUR
,112,509,X0011QNORB,Sellable,3,3,,0,0,,
,112,479,X0011QNORV,Sellable,1,1,,0,0,,
,112,486,X0011QNOS5,Sellable,1,0,,1,0,0.00,EUR
,112,545,X0011QNOSF,Sellable,3,1,,2,0,0.00,EUR
,112,561,X0011QNOSP,Sellable,2,2,,0,0,,
,112,546,X0011QNOSZ,Sellable,1,0,,1,0,0.00,EUR
,112,532,X0011QNOT9,Sellable,1,1,,0,0,,
,112,542,X0011QNOTJ,Sellable,1,1,,0,0,,
,112,587,X0011QNOU3,Sellable,3,0,,3,0,0.00,EUR
,112,604,X0011QNOUD,Sellable,1,0,,1,0,0.00,EUR
,112,623,X0011QNOUN,Sellable,2,0,,2,0,0.00,EUR
,112,601,X0011QNOUX,Sellable,2,2,,0,0,,
,112,645,X0011QNOV7,Sellable,2,0,,2,0,0.00,EUR
,112,636,X0011QNOVH,Sellable,3,2,,1,0,0.00,EUR
,112,649,X0011QNOVR,Sellable,2,2,,0,0,,
,112,654,X0011QNOW1,Sellable,3,3,,0,0,,
,112,715,X0011QNOWV,Sellable,3,3,,0,0,,
,112,679,X0011QNOX5,Sellable,2,2,,0,0,,
,112,682,X0011QNOXF,Sellable,3,3,,0,0,,
,112,704,X0011QNOXP,Sellable,2,0,,2,0,0.00,EUR
,112,700,X0011QNOXZ,Sellable,3,0,,3,0,0.00,EUR
,112,677,X0011QNOY9,Sellable,1,0,,1,0,0.00,EUR
,112,763,X0011QNOYJ,Sellable,2,0,,2,0,0.00,EUR
,112,773,X0011QNOZN,Sellable,3,0,,3,0,0.00,EUR
,112,798,X0011QNP07,Sellable,3,0,,3,0,0.00,EUR
,112,800,X0011QNP0H,Sellable,1,0,,1,0,0.00,EUR
,112,775,X0011QNP0R,Sellable,4,4,,0,0,,
,112,784,X0011QNP11,Sellable,4,3,,1,0,0.00,EUR
,112,815,X0011QNP1B,Sellable,5,2,,3,0,0.00,EUR
,112,818,X0011QNP1L,Sellable,2,0,,2,0,0.00,EUR
,112,824,X0011QNP25,Sellable,2,1,,1,0,0.00,EUR
,112,847,X0011QNP2P,Sellable,2,0,,2,0,0.00,EUR
,112,835,X0011QNP3J,Sellable,3,0,,3,0,0.00,EUR
,112,887,X0011QNP3T,Sellable,2,0,,2,0,0.00,EUR
,112,874,X0011QNP43,Sellable,2,1,,1,0,0.00,EUR
,112,836,X0011QNP4D,Sellable,1,0,,1,0,0.00,EUR
,112,517,X0011QNT2V,Sellable,3,0,,3,0,0.00,EUR
,112,488,X0011QNT35,Sellable,1,0,,1,0,0.00,EUR
,112,511,X0011QNT3F,Sellable,2,2,,0,0,,
,112,520,X0011QNT3P,Sellable,2,0,,2,0,0.00,EUR
,112,565,X0011QNT49,Sellable,4,0,,4,0,0.00,EUR
,112,564,X0011QNT4J,Sellable,3,0,,3,0,0.00,EUR
,112,559,X0011QNT4T,Sellable,3,0,,3,0,0.00,EUR
,112,544,X0011QNT53,Sellable,1,0,,1,0,0.00,EUR
,112,536,X0011QNT5N,Sellable,2,2,,0,0,,
,112,599,X0011QNT5X,Sellable,2,2,,0,0,,
,112,591,X0011QNT67,Sellable,2,0,,2,0,0.00,EUR
,112,610,X0011QNT6H,Sellable,1,0,,1,0,0.00,EUR
,112,575,X0011QNT6R,Sellable,2,0,,2,0,0.00,EUR
,112,619,X0011QNT7B,Sellable,1,0,,1,0,0.00,EUR
,112,652,X0011QNT7V,Sellable,2,2,,0,0,,
,112,647,X0011QNT8P,Sellable,3,0,,3,0,0.00,EUR
,112,642,X0011QNT8Z,Sellable,2,2,,0,0,,
,112,716,X0011QNT9J,Sellable,4,4,,0,0,,
,112,705,X0011QNT9T,Sellable,1,0,,1,0,0.00,EUR
,112,713,X0011QNTAN,Sellable,1,0,,1,0,0.00,EUR
,112,693,X0011QNTAX,Sellable,4,3,,1,0,0.00,EUR
,112,741,X0011QNTB7,Sellable,5,5,,0,0,,
,112,772,X0011QNTBH,Sellable,2,1,,1,0,0.00,EUR
,112,730,X0011QNTCL,Sellable,3,0,,3,0,0.00,EUR
,112,787,X0011QNTCV,Sellable,3,1,,2,0,0.00,EUR
,112,776,X0011QNTD5,Sellable,2,0,,2,0,0.00,EUR
,112,813,X0011QNTDF,Sellable,3,0,,3,0,0.00,EUR
,112,808,X0011QNTE9,Sellable,1,0,,1,0,0.00,EUR
,112,830,X0011QNTEJ,Sellable,2,0,,2,0,0.00,EUR
,112,868,X0011QNTF3,Sellable,2,0,,2,0,0.00,EUR
,112,828,X0011QNTFD,Sellable,2,1,,1,0,0.00,EUR
,112,521,X0011QNWPF,Sellable,1,0,,1,0,0.00,EUR
,112,478,X0011QNWPP,Sellable,2,0,,2,0,0.00,EUR
,112,523,X0011QNWPZ,Sellable,2,2,,0,0,,
,112,512,X0011QNWQ9,Sellable,2,2,,0,0,,
,112,515,X0011QNWQJ,Sellable,3,3,,0,0,,
,112,550,X0011QNWQT,Sellable,2,0,,2,0,0.00,EUR
,112,526,X0011QNWR3,Sellable,2,1,,1,0,0.00,EUR
,112,528,X0011QNWS7,Sellable,4,1,,3,0,0.00,EUR
,112,585,X0011QNWSR,Sellable,2,0,,2,0,0.00,EUR
,112,594,X0011QNWT1,Sellable,1,0,,1,0,0.00,EUR
,112,622,X0011QNWTL,Sellable,2,0,,2,0,0.00,EUR
,112,606,X0011QNWTV,Sellable,2,0,,2,0,0.00,EUR
,112,631,X0011QNWUZ,Sellable,2,0,,2,0,0.00,EUR
,112,633,X0011QNWVT,Sellable,2,0,,2,0,0.00,EUR
,112,722,X0011QNWW3,Sellable,1,1,,0,0,,
,112,699,X0011QNWWD,Sellable,2,0,,2,0,0.00,EUR
,112,686,X0011QNWWX,Sellable,3,2,,1,0,0.00,EUR
,112,703,X0011QNWX7,Sellable,2,1,,1,0,0.00,EUR
,112,695,X0011QNWXH,Sellable,2,2,,0,0,,
,112,761,X0011QNWXR,Sellable,6,0,,6,0,0.00,EUR
,112,738,X0011QNWYB,Sellable,3,0,,3,0,0.00,EUR
,112,759,X0011QNWYL,Sellable,3,3,,0,0,,
,112,740,X0011QNWYV,Sellable,2,2,,0,0,,
,112,771,X0011QNWZ5,Sellable,3,0,,3,0,0.00,EUR
,112,778,X0011QNWZP,Sellable,2,0,,2,0,0.00,EUR
,112,820,X0011QNX09,Sellable,1,0,,1,0,0.00,EUR
,112,803,X0011QNX0J,Sellable,2,2,,0,0,,
,112,843,X0011QNX0T,Sellable,1,0,,1,0,0.00,EUR
,112,850,X0011QNX1D,Sellable,4,0,,4,0,0.00,EUR
,112,879,X0011QNZDJ,Sellable,2,0,,2,0,0.00,EUR
,112,876,X0011QNZDT,Sellable,2,0,,2,0,0.00,EUR
,112,597,X0011QO2QN,Sellable,1,1,,0,0,,
,112,551,X0011QOW0T,Sellable,2,0,,2,0,0.00,EUR
,112,870,X0011QOYUH,Sellable,2,0,,2,0,0.00,EUR
,112,1013,X0013LGFE3,Unsellable,1,1,,0,0,,
,112,1429,X0014N1MJX,Unsellable,1,1,,0,0,,
,112,1690,X0016K00JH,Unsellable,1,1,,0,0,,
,112,1572,X0016K00QZ,Unsellable,1,1,,0,0,,
,112,1826,X0016K0303,Unsellable,1,1,,0,0,,
,112,2227,X00173UKNJ,Unsellable,1,1,,0,0,,
,112,2242,X0017BEP6J,Sellable,15,15,,0,0,,
,113,1246,X00142GBU9,Unsellable,1,0,,1,0,1.00,EUR
,114,475,X0011KTN8L,Sellable,1,1,,0,0,,
,114,491,X0011KTN8V,Sellable,5,5,,0,0,,
,114,474,X0011KTN95,Sellable,3,3,,0,0,,
,114,500,X0011KTN9Z,Sellable,5,5,,0,0,,
,114,569,X0011KTNAJ,Sellable,2,2,,0,0,,
,114,568,X0011KTNB3,Sellable,1,1,,0,0,,
,114,549,X0011KTNBD,Sellable,4,4,,0,0,,
,114,603,X0011KTNBX,Sellable,1,1,,0,0,,
,114,583,X0011KTNC7,Sellable,3,3,,0,0,,
,114,592,X0011KTNCH,Sellable,3,3,,0,0,,
,114,582,X0011KTND1,Sellable,2,2,,0,0,,
,114,635,X0011KTNDV,Sellable,2,2,,0,0,,
,114,496,X0011KTNIL,Sellable,3,3,,0,0,,
,114,484,X0011KTNIV,Sellable,5,5,,0,0,,
,114,499,X0011KTNJ5,Sellable,2,2,,0,0,,
,114,476,X0011KTNJF,Sellable,2,2,,0,0,,
,114,506,X0011KTNJZ,Sellable,2,2,,0,0,,
,114,553,X0011KTNL3,Sellable,2,2,,0,0,,
,114,540,X0011KTNLD,Sellable,3,3,,0,0,,
,114,562,X0011KTNLX,Sellable,1,1,,0,0,,
,114,608,X0011KTNM7,Sellable,2,2,,0,0,,
,114,579,X0011KTNMH,Sellable,5,5,,0,0,,
,114,605,X0011KTNN1,Sellable,2,2,,0,0,,
,114,588,X0011KTNNB,Sellable,1,1,,0,0,,
,114,661,X0011KTNNV,Sellable,2,2,,0,0,,
,114,653,X0011KTNO5,Sellable,3,3,,0,0,,
,114,655,X0011KTNOF,Sellable,1,1,,0,0,,
,114,671,X0011KTNOP,Sellable,2,2,,0,0,,
,114,657,X0011KTNOZ,Sellable,3,3,,0,0,,
,114,644,X0011KTNP9,Sellable,3,3,,0,0,,
,114,689,X0011KTNPT,Sellable,2,2,,0,0,,
,114,717,X0011KTNQN,Sellable,2,2,,0,0,,
,114,720,X0011KTNQX,Sellable,2,2,,0,0,,
,114,744,X0011KTNRR,Sellable,1,1,,0,0,,
,114,752,X0011KTNSB,Sellable,2,2,,0,0,,
,114,725,X0011KTNSL,Sellable,1,1,,0,0,,
,114,726,X0011KTNSV,Sellable,1,1,,0,0,,
,114,774,X0011KTNTF,Sellable,3,3,,0,0,,
,114,823,X0011KTNTP,Sellable,1,1,,0,0,,
,114,807,X0011KTNU9,Sellable,2,2,,0,0,,
,114,849,X0011KTNVD,Sellable,1,1,,0,0,,
,114,860,X0011KTNVX,Sellable,2,2,,0,0,,
,114,875,X0011KTNWR,Sellable,2,2,,0,0,,
,114,890,X0011KTNX1,Sellable,2,2,,0,0,,
,114,503,X0011KTOXF,Sellable,3,3,,0,0,,
,114,505,X0011KTOXP,Sellable,3,3,,0,0,,
,114,492,X0011KTOXZ,Sellable,2,2,,0,0,,
,114,514,X0011KTOYJ,Sellable,2,2,,0,0,,
,114,555,X0011KTOZ3,Sellable,2,2,,0,0,,
,114,554,X0011KTOZD,Sellable,1,1,,0,0,,
,114,571,X0011KTOZN,Sellable,2,2,,0,0,,
,114,557,X0011KTP07,Sellable,2,2,,0,0,,
,114,576,X0011KTP0R,Sellable,2,2,,0,0,,
,114,593,X0011KTP11,Sellable,4,4,,0,0,,
,114,612,X0011KTP1L,Sellable,1,1,,0,0,,
,114,637,X0011KTP25,Sellable,3,3,,0,0,,
,114,656,X0011KTP2P,Sellable,9,9,,0,0,,
,114,658,X0011KTP39,Sellable,1,1,,0,0,,
,114,711,X0011KTP3T,Sellable,2,2,,0,0,,
,114,691,X0011KTP43,Sellable,1,1,,0,0,,
,114,683,X0011KTP4D,Sellable,2,2,,0,0,,
,114,702,X0011KTP57,Sellable,1,1,,0,0,,
,114,756,X0011KTP5H,Sellable,2,2,,0,0,,
,114,735,X0011KTP5R,Sellable,2,2,,0,0,,
,114,728,X0011KTP6B,Sellable,2,2,,0,0,,
,114,736,X0011KTP6L,Sellable,4,4,,0,0,,
,114,792,X0011KTP75,Sellable,3,3,,0,0,,
,114,799,X0011KTP7F,Sellable,3,3,,0,0,,
,114,809,X0011KTP7P,Sellable,3,3,,0,0,,
,114,777,X0011KTP89,Sellable,3,3,,0,0,,
,114,863,X0011KTP8T,Sellable,3,3,,0,0,,
,114,845,X0011KTP9D,Sellable,2,2,,0,0,,
,114,856,X0011KTP9N,Sellable,2,2,,0,0,,
,114,861,X0011KTP9X,Sellable,1,1,,0,0,,
,114,885,X0011KTPA7,Sellable,1,1,,0,0,,
,114,888,X0011KTPAH,Sellable,3,3,,0,0,,
,114,634,X0011KUBR3,Sellable,2,2,,0,0,,
,114,640,X0011M6LBL,Sellable,1,1,,0,0,,
,114,712,X0011M6LCF,Sellable,2,2,,0,0,,
,114,685,X0011M6LCP,Sellable,1,1,,0,0,,
,114,694,X0011M6LD9,Sellable,2,2,,0,0,,
,114,674,X0011M6LDJ,Sellable,1,1,,0,0,,
,114,754,X0011M6LE3,Sellable,3,3,,0,0,,
,114,743,X0011M6LED,Sellable,3,3,,0,0,,
,114,732,X0011M6LEX,Sellable,5,5,,0,0,,
,114,796,X0011M6LG1,Sellable,3,3,,0,0,,
,114,790,X0011M6LGB,Sellable,1,1,,0,0,,
,114,789,X0011M6LGL,Sellable,3,3,,0,0,,
,114,797,X0011M6LH5,Sellable,1,1,,0,0,,
,114,842,X0011M6LHF,Sellable,2,2,,0,0,,
,114,839,X0011M6LHZ,Sellable,2,1,,1,0,0.25,EUR
,114,864,X0011M6LI9,Sellable,6,6,,0,0,,
,114,855,X0011M6LIT,Sellable,2,2,,0,0,,
,114,882,X0011M6LJD,Sellable,2,2,,0,0,,
,114,883,X0011M6LJN,Sellable,4,4,,0,0,,
,114,504,X0011M79HB,Sellable,1,1,,0,0,,
,114,537,X0011M7B4H,Sellable,3,3,,0,0,,
,114,812,X0011M7C0F,Sellable,3,3,,0,0,,
,114,577,X0011M7DB3,Sellable,2,2,,0,0,,
,114,873,X0011M7E4T,Sellable,1,1,,0,0,,
,114,620,X0011M7ETJ,Sellable,2,2,,0,0,,
,114,487,X0011NV4MB,Sellable,3,3,,0,0,,
,114,522,X0011NV4MV,Sellable,2,2,,0,0,,
,114,495,X0011NV4NP,Sellable,4,4,,0,0,,
,114,527,X0011NV4O9,Sellable,3,3,,0,0,,
,114,524,X0011NV4OJ,Sellable,1,1,,0,0,,
,114,558,X0011NV4P3,Sellable,2,2,,0,0,,
,114,578,X0011NV4PD,Sellable,2,2,,0,0,,
,114,590,X0011NV4PN,Sellable,3,3,,0,0,,
,114,580,X0011NV4Q7,Sellable,4,4,,0,0,,
,114,621,X0011NV4QH,Sellable,2,2,,0,0,,
,114,643,X0011NV4QR,Sellable,3,3,,0,0,,
,114,666,X0011NV4R1,Sellable,2,2,,0,0,,
,114,628,X0011NV4RB,Sellable,3,3,,0,0,,
,114,667,X0011NV4RL,Sellable,3,3,,0,0,,
,114,662,X0011NV4RV,Sellable,2,2,,0,0,,
,114,638,X0011NV4S5,Sellable,3,3,,0,0,,
,114,684,X0011NV4SF,Sellable,3,3,,0,0,,
,114,710,X0011NV4SP,Sellable,3,3,,0,0,,
,114,680,X0011NV4SZ,Sellable,3,3,,0,0,,
,114,733,X0011NV4TJ,Sellable,3,3,,0,0,,
,114,747,X0011NV4U3,Sellable,1,1,,0,0,,
,114,767,X0011NV4UN,Sellable,2,2,,0,0,,
,114,762,X0011NV4UX,Sellable,2,2,,0,0,,
,114,781,X0011NV4VH,Sellable,2,2,,0,0,,
,114,783,X0011NV4VR,Sellable,1,1,,0,0,,
,114,785,X0011NV4WB,Sellable,9,9,,0,0,,
,114,804,X0011NV4WL,Sellable,3,3,,0,0,,
,114,872,X0011NV4WV,Sellable,1,1,,0,0,,
,114,853,X0011NV4X5,Sellable,1,1,,0,0,,
,114,871,X0011NV4XZ,Sellable,1,1,,0,0,,
,114,848,X0011NV4Y9,Sellable,1,1,,0,0,,
,114,884,X0011NV4YJ,Sellable,1,1,,0,0,,
,114,494,X0011NV6ID,Sellable,3,3,,0,0,,
,114,518,X0011NV6IN,Sellable,3,3,,0,0,,
,114,490,X0011NV6IX,Sellable,1,1,,0,0,,
,114,513,X0011NV6J7,Sellable,2,2,,0,0,,
,114,501,X0011NV6JH,Sellable,1,1,,0,0,,
,114,573,X0011NV6K1,Sellable,2,2,,0,0,,
,114,538,X0011NV6KB,Sellable,3,3,,0,0,,
,114,552,X0011NV6KV,Sellable,3,3,,0,0,,
,114,548,X0011NV6L5,Sellable,4,4,,0,0,,
,114,533,X0011NV6LF,Sellable,3,3,,0,0,,
,114,595,X0011NV6LP,Sellable,1,1,,0,0,,
,114,611,X0011NV6M9,Sellable,2,2,,0,0,,
,114,665,X0011NV6O7,Sellable,1,1,,0,0,,
,114,626,X0011NV6OR,Sellable,2,2,,0,0,,
,114,697,X0011NV6P1,Sellable,1,1,,0,0,,
,114,698,X0011NV6PV,Sellable,5,5,,0,0,,
,114,734,X0011NV6QP,Sellable,3,3,,0,0,,
,114,765,X0011NV6RJ,Sellable,2,2,,0,0,,
,114,750,X0011NV6S3,Sellable,4,4,,0,0,,
,114,780,X0011NV6SX,Sellable,1,1,,0,0,,
,114,811,X0011NV6T7,Sellable,6,6,,0,0,,
,114,794,X0011NV6TH,Sellable,3,3,,0,0,,
,114,816,X0011NV6TR,Sellable,2,2,,0,0,,
,114,1261,X0011NV6UB,Sellable,1,1,,0,0,,
,114,838,X0011NV6UL,Sellable,1,1,,0,0,,
,114,846,X0011NV6UV,Sellable,2,2,,0,0,,
,114,707,X0011NVLND,Sellable,2,2,,0,0,,
,114,664,X0011NVMMD,Sellable,1,1,,0,0,,
,114,886,X0011PA0ER,Sellable,1,1,,0,0,,
,114,493,X0011QN787,Sellable,3,3,,0,0,,
,114,481,X0011QN78H,Sellable,2,2,,0,0,,
,114,485,X0011QN78R,Sellable,2,2,,0,0,,
,114,567,X0011QN79V,Sellable,2,2,,0,0,,
,114,566,X0011QN7A5,Sellable,1,1,,0,0,,
,114,531,X0011QN7AF,Sellable,2,2,,0,0,,
,114,535,X0011QN7AZ,Sellable,2,2,,0,0,,
,114,543,X0011QN7B9,Sellable,2,2,,0,0,,
,114,615,X0011QN7BT,Sellable,3,3,,0,0,,
,114,596,X0011QN7CD,Sellable,4,4,,0,0,,
,114,617,X0011QN7CN,Sellable,5,5,,0,0,,
,114,632,X0011QN7DH,Sellable,3,3,,0,0,,
,114,641,X0011QN7DR,Sellable,3,3,,0,0,,
,114,627,X0011QN7E1,Sellable,3,3,,0,0,,
,114,625,X0011QN7EB,Sellable,5,5,,0,0,,
,114,629,X0011QN7EL,Sellable,1,1,,0,0,,
,114,706,X0011QN7F5,Sellable,3,3,,0,0,,
,114,692,X0011QN7FP,Sellable,3,3,,0,0,,
,114,688,X0011QN7FZ,Sellable,2,2,,0,0,,
,114,723,X0011QN7G9,Sellable,2,2,,0,0,,
,114,753,X0011QN7GT,Sellable,2,2,,0,0,,
,114,737,X0011QN7H3,Sellable,7,7,,0,0,,
,114,770,X0011QN7HD,Sellable,2,2,,0,0,,
,114,768,X0011QN7HN,Sellable,3,3,,0,0,,
,114,731,X0011QN7HX,Sellable,3,3,,0,0,,
,114,724,X0011QN7I7,Sellable,3,3,,0,0,,
,114,821,X0011QN7IR,Sellable,1,1,,0,0,,
,114,782,X0011QN7J1,Sellable,2,2,,0,0,,
,114,793,X0011QN7JB,Sellable,1,1,,0,0,,
,114,831,X0011QN7JV,Sellable,1,1,,0,0,,
,114,889,X0011QN7LJ,Sellable,2,2,,0,0,,
,114,891,X0011QN7LT,Sellable,1,1,,0,0,,
,114,519,X0011QNOQR,Sellable,3,3,,0,0,,
,114,508,X0011QNOR1,Sellable,2,2,,0,0,,
,114,509,X0011QNORB,Sellable,3,3,,0,0,,
,114,479,X0011QNORV,Sellable,1,1,,0,0,,
,114,486,X0011QNOS5,Sellable,1,1,,0,0,,
,114,545,X0011QNOSF,Sellable,3,3,,0,0,,
,114,561,X0011QNOSP,Sellable,2,2,,0,0,,
,114,546,X0011QNOSZ,Sellable,1,1,,0,0,,
,114,532,X0011QNOT9,Sellable,1,1,,0,0,,
,114,542,X0011QNOTJ,Sellable,1,1,,0,0,,
,114,587,X0011QNOU3,Sellable,3,3,,0,0,,
,114,604,X0011QNOUD,Sellable,1,1,,0,0,,
,114,623,X0011QNOUN,Sellable,2,2,,0,0,,
,114,601,X0011QNOUX,Sellable,2,2,,0,0,,
,114,645,X0011QNOV7,Sellable,2,2,,0,0,,
,114,636,X0011QNOVH,Sellable,3,3,,0,0,,
,114,649,X0011QNOVR,Sellable,2,2,,0,0,,
,114,654,X0011QNOW1,Sellable,3,3,,0,0,,
,114,715,X0011QNOWV,Sellable,3,3,,0,0,,
,114,679,X0011QNOX5,Sellable,2,2,,0,0,,
,114,682,X0011QNOXF,Sellable,3,3,,0,0,,
,114,704,X0011QNOXP,Sellable,2,2,,0,0,,
,114,700,X0011QNOXZ,Sellable,3,3,,0,0,,
,114,677,X0011QNOY9,Sellable,2,2,,0,0,,
,114,763,X0011QNOYJ,Sellable,2,2,,0,0,,
,114,773,X0011QNOZN,Sellable,3,3,,0,0,,
,114,798,X0011QNP07,Sellable,3,3,,0,0,,
,114,800,X0011QNP0H,Sellable,1,1,,0,0,,
,114,775,X0011QNP0R,Sellable,4,4,,0,0,,
,114,784,X0011QNP11,Sellable,4,4,,0,0,,
,114,815,X0011QNP1B,Sellable,5,5,,0,0,,
,114,818,X0011QNP1L,Sellable,2,2,,0,0,,
,114,824,X0011QNP25,Sellable,2,2,,0,0,,
,114,847,X0011QNP2P,Sellable,2,2,,0,0,,
,114,835,X0011QNP3J,Sellable,3,3,,0,0,,
,114,887,X0011QNP3T,Sellable,2,2,,0,0,,
,114,874,X0011QNP43,Sellable,2,2,,0,0,,
,114,836,X0011QNP4D,Sellable,1,1,,0,0,,
,114,517,X0011QNT2V,Sellable,3,3,,0,0,,
,114,488,X0011QNT35,Sellable,1,1,,0,0,,
,114,511,X0011QNT3F,Sellable,2,2,,0,0,,
,114,520,X0011QNT3P,Sellable,2,2,,0,0,,
,114,565,X0011QNT49,Sellable,4,4,,0,0,,
,114,564,X0011QNT4J,Sellable,3,3,,0,0,,
,114,559,X0011QNT4T,Sellable,3,3,,0,0,,
,114,544,X0011QNT53,Sellable,1,1,,0,0,,
,114,536,X0011QNT5N,Sellable,2,2,,0,0,,
,114,599,X0011QNT5X,Sellable,2,2,,0,0,,
,114,591,X0011QNT67,Sellable,2,2,,0,0,,
,114,610,X0011QNT6H,Sellable,1,1,,0,0,,
,114,575,X0011QNT6R,Sellable,2,2,,0,0,,
,114,619,X0011QNT7B,Sellable,1,1,,0,0,,
,114,652,X0011QNT7V,Sellable,2,2,,0,0,,
,114,647,X0011QNT8P,Sellable,3,3,,0,0,,
,114,642,X0011QNT8Z,Sellable,2,2,,0,0,,
,114,716,X0011QNT9J,Sellable,4,4,,0,0,,
,114,705,X0011QNT9T,Sellable,1,1,,0,0,,
,114,713,X0011QNTAN,Sellable,1,1,,0,0,,
,114,693,X0011QNTAX,Sellable,4,4,,0,0,,
,114,741,X0011QNTB7,Sellable,5,5,,0,0,,
,114,772,X0011QNTBH,Sellable,2,2,,0,0,,
,114,730,X0011QNTCL,Sellable,3,3,,0,0,,
,114,787,X0011QNTCV,Sellable,3,3,,0,0,,
,114,776,X0011QNTD5,Sellable,2,2,,0,0,,
,114,813,X0011QNTDF,Sellable,3,3,,0,0,,
,114,808,X0011QNTE9,Sellable,1,1,,0,0,,
,114,830,X0011QNTEJ,Sellable,2,2,,0,0,,
,114,868,X0011QNTF3,Sellable,2,2,,0,0,,
,114,828,X0011QNTFD,Sellable,2,2,,0,0,,
,114,521,X0011QNWPF,Sellable,1,1,,0,0,,
,114,478,X0011QNWPP,Sellable,2,2,,0,0,,
,114,523,X0011QNWPZ,Sellable,2,2,,0,0,,
,114,512,X0011QNWQ9,Sellable,2,2,,0,0,,
,114,515,X0011QNWQJ,Sellable,3,3,,0,0,,
,114,550,X0011QNWQT,Sellable,2,2,,0,0,,
,114,526,X0011QNWR3,Sellable,2,2,,0,0,,
,114,528,X0011QNWS7,Sellable,4,4,,0,0,,
,114,585,X0011QNWSR,Sellable,2,2,,0,0,,
,114,594,X0011QNWT1,Sellable,1,1,,0,0,,
,114,622,X0011QNWTL,Sellable,2,2,,0,0,,
,114,606,X0011QNWTV,Sellable,2,2,,0,0,,
,114,631,X0011QNWUZ,Sellable,2,2,,0,0,,
,114,633,X0011QNWVT,Sellable,2,2,,0,0,,
,114,722,X0011QNWW3,Sellable,1,1,,0,0,,
,114,699,X0011QNWWD,Sellable,2,2,,0,0,,
,114,686,X0011QNWWX,Sellable,3,3,,0,0,,
,114,703,X0011QNWX7,Sellable,2,2,,0,0,,
,114,695,X0011QNWXH,Sellable,2,2,,0,0,,
,114,761,X0011QNWXR,Sellable,6,6,,0,0,,
,114,738,X0011QNWYB,Sellable,3,3,,0,0,,
,114,759,X0011QNWYL,Sellable,3,3,,0,0,,
,114,740,X0011QNWYV,Sellable,2,2,,0,0,,
,114,771,X0011QNWZ5,Sellable,3,3,,0,0,,
,114,778,X0011QNWZP,Sellable,2,2,,0,0,,
,114,820,X0011QNX09,Sellable,1,1,,0,0,,
,114,803,X0011QNX0J,Sellable,2,2,,0,0,,
,114,843,X0011QNX0T,Sellable,1,1,,0,0,,
,114,850,X0011QNX1D,Sellable,4,4,,0,0,,
,114,879,X0011QNZDJ,Sellable,2,2,,0,0,,
,114,876,X0011QNZDT,Sellable,2,2,,0,0,,
,114,597,X0011QO2QN,Sellable,1,1,,0,0,,
,114,551,X0011QOW0T,Sellable,2,2,,0,0,,
,114,870,X0011QOYUH,Sellable,2,2,,0,0,,
,115,1447,X0014MYLEH,Unsellable,1,0,,1,0,2.00,EUR
,116,880,X0011QNZE3,Unsellable,1,0,,1,0,2.00,EUR
,117,1429,X0014N1MJX,Sellable,1,0,,1,0,0.25,EUR
,118,389,B01A5P318M,Sellable,5,0,,5,0,1.25,EUR
,119,1473,X0014MYLCT,Unsellable,1,0,,1,0,4.00,EUR
,120,1388,X0014MYLB5,Unsellable,1,0,,1,0,0.25,EUR
,121,1496,B01EWEJDDY,Unsellable,1,0,,1,0,0.25,EUR
,121,298,X000ZXE89J,Unsellable,1,0,,1,0,0.25,EUR
,121,1198,X0013LGHMN,Unsellable,1,0,,1,0,0.25,EUR
,122,334,B00V9LWCQE,Sellable,2,0,,2,0,0.50,EUR
,122,898,B01611HLEE,Sellable,5,0,,5,0,1.25,EUR
,122,1219,X0013V5UVR,Sellable,1,0,,1,0,0.25,EUR
,122,1216,X0013V651V,Sellable,1,0,,1,0,0.25,EUR
,122,1228,X0013V7407,Sellable,4,0,,4,0,2.00,EUR
,123,857,X0011VD8S1,Sellable,7,0,,7,0,1.75,EUR
,124,1183,X0013LGIP9,Unsellable,1,0,,1,0,0.25,EUR
,124,1223,X0013VBEM1,Unsellable,1,0,,1,0,0.25,EUR
,124,1492,X0014N2SI7,Unsellable,1,0,,1,0,0.25,EUR
,125,143,X000ZL15SN,Unsellable,1,0,,1,0,0.25,EUR
,125,1032,X0013LFP9T,Unsellable,1,0,,1,0,0.25,EUR
,125,1255,X00142IAKN,Unsellable,1,0,,1,0,0.25,EUR
,126,651,X0011M6LBB,Sellable,5,0,,5,0,1.25,EUR
,127,899,B07L9RR6CM,Sellable,3,0,,3,0,0.75,EUR
,127,260,X000ZX8XDB,Sellable,1,0,,1,0,0.25,EUR
,127,409,X00107G5OZ,Sellable,1,0,,1,0,0.25,EUR
,127,1213,X0013V652P,Sellable,1,0,,1,0,0.25,EUR
,128,107,X000ZJXA33,Sellable,1,0,,1,0,0.25,EUR
,129,701,X0011KTP4N,Unsellable,1,0,,1,0,0.25,EUR
,129,581,X0011QN7CX,Unsellable,1,0,,1,0,0.25,EUR
,129,1253,X00142JY4J,Unsellable,1,0,,1,0,0.25,EUR
,130,1204,X0013V65G1,Unsellable,1,0,,1,0,0.25,EUR
,130,1203,X0013V65GL,Unsellable,1,0,,1,0,0.25,EUR
,131,906,B000VS8GQ6,Unsellable,1,0,,1,0,0.25,EUR
,132,354,X0010K9HQF,Unsellable,1,0,,1,0,0.25,EUR
,132,709,X0011QNTA3,Unsellable,1,0,,1,0,0.25,EUR
,133,1032,X0013LFP9T,Unsellable,1,0,,1,0,0.25,EUR
,134,463,B000VS8GQ6,Unsellable,1,1,0,,0,,
,134,354,X0010K9HQF,Unsellable,1,1,0,,0,,
,135,675,X0011KTP4X,Sellable,20,0,,20,0,5.00,EUR
,135,660,X0011M6LBV,Sellable,10,0,,10,0,2.50,EUR
,135,547,X0011NV4OT,Sellable,14,0,,14,0,3.50,EUR
,135,502,X0011NV6JR,Sellable,14,0,,14,0,3.50,EUR
,135,670,X0011NV6OH,Sellable,13,0,,13,0,3.25,EUR
,135,892,X0011PA0F1,Sellable,9,0,,9,0,2.25,EUR
,135,827,X0011QN7KF,Sellable,10,0,,10,0,2.50,EUR
,135,829,X0011QN7KP,Sellable,18,0,,18,0,4.50,EUR
,135,646,X0011QNWVJ,Sellable,19,0,,19,0,4.75,EUR
,135,786,X0011QNWZZ,Sellable,10,0,,10,0,2.50,EUR
,136,96,X000ZC3UK3,Unsellable,1,0,,1,0,0.25,EUR
,137,96,X000ZC3UK3,Unsellable,1,1,0,,0,,
,138,466,X0012114X1,Sellable,4,0,,4,0,1.00,EUR
,139,468,X0011Y6W0J,Sellable,5,0,,5,0,1.25,EUR
,140,133,X000ZOX2DL,Unsellable,1,0,,1,0,0.25,EUR
,141,40,X000Z2QS4D,Sellable,1,0,,1,0,0.25,EUR
,141,54,X000Z2QUSR,Sellable,1,0,,1,0,0.25,EUR
,141,49,X000ZAVMFF,Sellable,1,0,,1,0,0.25,EUR
,141,104,X000ZJX8Z3,Sellable,1,0,,1,0,0.25,EUR
,141,146,X000ZL12A9,Sellable,1,0,,1,0,0.25,EUR
,141,131,X000ZL15AV,Sellable,1,0,,1,0,0.25,EUR
,142,866,X0011KTNUT,Unsellable,1,0,,1,0,0.25,EUR
,142,808,X0011QNTE9,Unsellable,2,0,,2,0,0.50,EUR
,143,43,X000ZMHOPP,Unsellable,1,0,,1,0,0.25,EUR
,143,448,X0010MSFFH,Unsellable,1,0,,1,0,0.25,EUR
,144,448,X0010MSFFH,Unsellable,1,1,0,,0,,
,145,452,X001091PQ1,Unsellable,1,0,1,,0,0.10,EUR
,146,82,B010CEBLPG,Unsellable,1,0,,1,0,0.25,EUR
,147,82,B010CEBLPG,Unsellable,1,1,0,,0,,