supplierId,productCategoryId,supplierName,supplierWebsite,supplierNumber,supplierEmail,supplierAdress,supplierPostcode,countryCode,supplierNote,contactName,contactPosition,contactNumber,contactEmail,accountOpen,accountRefused,accountRefusedDate,accountRefusedReason,isInteresting,isBrand
,,ABC DISTRIBUTION,http://www.abcosmetique.com/nous-contacter,,,,,,"fabricants et dsitributeur de la marque Provost, Jean Louis David ...",,,,,FALSE,,,,TRUE,
,,ABYSSE CORP,http://www.abyssecorp.com/fr/,,contact@abyssecorp.com,,,,,,,,,FALSE,,,,TRUE,
,,AEGIS PHARMA,https://www.aegis-pharma.com/,,contact@aegis-pharma.com,,,,Maeson Pearson - Proraso -,,,,charlotte@aegis-pharma.com,FALSE,,,,FALSE,
,,ALBACOM,https://albacom.ro/#brands,,office@albacom.ro,,,RO,"Roumain, ils ont beaucoup de marques très connues",,,,,FALSE,,,,TRUE,
,,ALCO DISTRIBUTION,https://alcodistributions.fr/condiciones_compra.asp,,alco@alcodistributions.fr,,,,grossiste en papeterie jouets et cadeaux - pas d'EAN sur leur site,,,,,TRUE,,,,TRUE,
,,ALYSEE BOUTIQUE,https://www.alysee-boutique.com/contact.php,,contact@alysee-boutique.com,,,,,,,,,FALSE,,,,TRUE,
,,ANIS DISCOUNT PRO,https://anidiscountpro.com/contactez-nous,,anisdiscountpro@outlook.com,,,,pas de catalogue Excel. Contacter M.Rotureau si je souhaite une réduction sur quantité. Pas d'EAN sur leur site,M. Rotureau,,,,TRUE,,,,TRUE,
,,AQUAROMAT,,,contact@aquaromat.com,,,,"créateur du peigne anti poux V-comb, ils revendent sur Amazon directement mais ne sont pas les seuls",,,,,FALSE,,,,TRUE,
,,ART DU BARBIER,https://www.artdubarbier.com/content/17-espace-pro,,,,,,,,,,,FALSE,,,,TRUE,
,,ASA TOYS,http://www.asatoys.fr/,,info@asatoys.fr,,,,,,,,,FALSE,,,,TRUE,
,,AUBER DIFFUSION,http://www.auberdiffusion.com/,,,,,,,,,,,FALSE,,,,TRUE,
,,BARLINE,"https://barline.eu/o-firmie,17",,,,,,"Le distributeur officiel de  Disney - Princesses, Voitures, Frozen Frozen, Stacyjkowo, Hello Kittty, Spiderman. Minions et bien d’autres, ainsi que Minoti, Funki Diva, E-Bound et d’autres. Le distributeur officiel du  fabricant belge NEY - Disney, Tweety, Cars, Bell, Pucca, Toy Story et Warner Bross.",,,,,FALSE,,,,TRUE,
,,BAZEEC,https://www.bazeec.com/nous_contacter,,pro@bazeec.com,,,,,,,,,FALSE,,,,TRUE,
,,BEAPHAR,https://www.beaphar.com/fr-fr/boutiques-en-ligne,,info@fr.beaphar.com,,,,,,,,,FALSE,,,,TRUE,
,,BEAUTY COIFFURE,https://www.beautycoiffure.com/content/11-qui-sommes-nous,,serviceclients@beautycoiffure.com,,,,,,,,,FALSE,,,,TRUE,
,,BEEZTEES,https://www.beeztees.com/contact/,,info@beeztees.com,,,NL,boîte néerlandaise,,,,,FALSE,,,,TRUE,
,,BERARD,http://www.berarddistribution.fr/,,,,,,"beaucoup de produits pas cher mais de grandes marque (sel, pates...)",,,,,FALSE,,,,TRUE,
,,BIG BUY,https://www.bigbuy.eu/fr/tiendab2b.html,,,,,,C'est pour faire du dropshipping sur AMZ. Big Buy expédie directement les produits achetés (FBM),,,,,FALSE,,,,FALSE,
,,BIHR,https://www.bihr.eu/fr/fr/prospectsignup,,customercare@bihr.eu,,,,,,,,,FALSE,,,,TRUE,
,,BIMAGO,https://www.bimago.fr/dropshipping,,,,,,Ils travaillent avec des dropshippers- tableaux et décoration,,,,,FALSE,,,,TRUE,
,,BLEU LIBELLULE,https://www.bleulibellule.com/nous-contacter,,,,,,,,,,,FALSE,,,,TRUE,
,,BONBONRAMA,https://www.bonbonrama.com/fr/,,Contact@Bonbonrama.Com,,,,,,,,,FALSE,,,,TRUE,
,,BOTHEKA,https://www.botheka.com/nos-marques,,phfb@aliceadsl.fr,,,,skincode,,,,,FALSE,,,,TRUE,
,,BRAND DISTRIBUTION,https://www.brandsdistribution.com/fr/login?nextURL=%2Ffr%2Fcatalog%2Fmarque%2Fnew-balance%2Fchaussures%2Fsneakers%2FWRL247EM,,,,,,,,,,,FALSE,,,,TRUE,
,,BROAER,https://broaer.fr/,,,,,,compte créé avec dumont,,,,,TRUE,,,,TRUE,
,,BUSY X PRO,https://www.busyx-pro.com/?lang=fr,,,,,,,,,,,FALSE,,,,TRUE,
,,CALIPAGE,https://www.calipage.fr/modules/blockcontactmagasin/contact.php?commande=became,,,,,,,,,,,FALSE,,,,TRUE,
,,CAO OUTDOOR,https://cao-outdoor.com/contacter,,,,,,vendu uniquement par AMZ,,,,,TRUE,,,,TRUE,
,,CAT IT,https://www.catit.fr/aide-conseils/,,press@catit.com,,,,,,,,,FALSE,,,,TRUE,
,,CENTRAL ACHAT EXPORT,http://centraleachatexport.com/,,sniw@sniw.fr,,,,distributeur des produits Belle France,,,,,FALSE,,,,TRUE,
,,CERCLE VERT,https://www.cerclevert.fr/contact/,,,,,,doit être contacté par téléphone,,,,,FALSE,,,,TRUE,
,,CERDA,https://www.cerdagroup.com/fr/contact/,,,,,,"Beaucoup de produits sous licences. Si il m'envoie une liste de code barre, je peux tout vérifier.",,,,,FALSE,,,,TRUE,
,,CHADOG DIFFUSION,https://www.chadog.fr/,,,,,,LOURD,,,,,TRUE,,,,TRUE,
,,CHANNEL DISTRIBUTION,https://www.channeldistribution.nl/fr,,sales@channeldistribution.nl,,,,"ne veut pas envoyer de catalogue, car les dropshippers publie le catalogue complet sur AMZ, et les marques n'apprécie pas. Je dois être prudent sur ce que je dis avec eux. Ils ne sont pas ok pour vendre UNIQUEMENT sur AMZ. Je leur ai parlé des salons.",,,,,TRUE,,,,TRUE,
,,CHEVEUX BEAUTÉ,https://www.cheveuxbeautepro.com/login?ReturnUrl=%2f,,contact@cheveuxbeauté.com,,,,,,,,,FALSE,,,,TRUE,
,,CHIEN CONTEMPORAIM DISTRIBUTION,http://www.chiencontemporaindistribution.com/boutique/sas_securise.cfm?code_lg=lg_fr,,info@chiencontemporaincom,,,,,,,,,FALSE,,,,FALSE,
,,CLAIREFONTAINE,https://www.clairefontaine.com/devenir-revendeur.html,,,,,,,,,,,FALSE,,,,TRUE,
,,CMP PARIS,http://www.cmp-paris.com/univers-produits-1,,commercial@cmp-paris.com,,,,distributeur important,,,,,FALSE,,,,TRUE,
,,COSMIC GROUP,http://www.cosmicgroup.eu/fra/distribution_action_figure_model_kit_bust_statue_gadget.php,,INFO@COSMICGROUP.EU,,,,,Nicolas,,0767907645,,FALSE,TRUE,,Ils vendent en FBA. Aucun pour que je les recontacte si j'utilise d'autre canaux de vente.,TRUE,
,,CPIX,https://cpix.fr/store/,,contact@cpix.fr,,,,fournisseur de pièces détachés pour smartphone,,,,,FALSE,,,,TRUE,
,,CURVER,https://www.curver.com/fra/nous-contacter/,,,,,,,,,,,FALSE,,,,TRUE,
,,DAGIER,https://www.dagier.fr/fr/contact.htm,,confiseriedagier@orange.fr,,,,,,,,,FALSE,,,,TRUE,
,,DEALSTORE,https://dealstore.fr/content/12-professionnel,,DEALSTORE13@GMAIL.COM,,,,,,,,,FALSE,,,,TRUE,
,,DECITRE,https://www.decitrepro.fr/,,,,,,"fournisseur pour bibliothèque et collectivité, pas sûr qu'ils soient ok pour fournir une entreprise pour la revente. Mail reçu le 21/10/2020",,,,,FALSE,,,,TRUE,
,,DELORME,,,,,,,pas de catalogue Excel,,,,,TRUE,,,,TRUE,
,,DESTOCKAGE LIQUIDATION,http://www.destockage-liquidation.com/lots-cosm%C3%A9tique-beaut%C3%A9-bien-%C3%AAtre,,,,,,,,,,,FALSE,,,,TRUE,
,,DINO TOYS,https://www.dinotoys.nl/contact.html,,info@dinotoys.nl,,,,code EAN sur le site. Je dois scrapper,,,,,TRUE,,,,TRUE,
,,DIRECT STORE,https://www.meccanodirect.fr/espace-pro/account/login/,,meccano@direct-store.eu,,,,Revendeur Europe de la marque Meccano,,,,,FALSE,,,,TRUE,
,,DISTRIDOG,https://www.distridog.pro/contactez-nous,,service-client@distridog.com,,,,,,,,,TRUE,,,,TRUE,
,,DISTRISTORE,https://www.distristore.fr/fr/content/6-revendeurs,,,,,,,,,,,FALSE,,,,TRUE,
,,DMS LIMITED,http://www.dmslimited.com.pl/en-wholesale-offer-15.html,,biuro@dmslimited.org,,,,Polonais - grossiste destockage,,,,,FALSE,,,,TRUE,
,,DO DK DISCOUNT,http://www.dodkdiscount.com/,,contact@dodkdiscount.com,,,,,,,,,FALSE,,,,TRUE,
,,DOGCAT,https://www.dogcat.com/professionnel/create_account.php,,,,,,,,,,,TRUE,,,,TRUE,
,,DP NATURE,https://www.dpnature.fr/,,contact@dpnature.fr,,,,Grossiste en Compléments alimentaires et Cosmétiques Bio & Naturels,,,,,TRUE,,,,TRUE,
,,EASYDISTRI,http://www.easydistri.com/piscines-et-jeux-d-eau/2953-cartouches-pour-spa-intex-lot-de-2-cartouches-de-filtration-6941057404424.html,,,,,,,,,,,FALSE,,,,TRUE,
,,EFI,http://www.efidestockage.fr/modules/reseller/retailer.php,,e.f.i.1@bbox.fr,,,,,,,,,FALSE,,,,TRUE,
,,EKO SPORT,https://www.ekosport.fr/-cms-outdoor4pro,,,,,,Réservé uniquement aux professionnels de la distribution d’articles de sports ayant un magasin physique en France,,,,,FALSE,,,,TRUE,
,,EMUCA,https://www.emuca.fr/catalogue/nos-catalogues,,,,,,"fournisseur Dropshipping pour meuble et quincaillerie. Présent sur AMZ, vendu par AMZ",,,,,FALSE,,,,TRUE,
,,ACTION PIN,https://www.action-pin.fr/fr.html,,actionpin@action-pin.fr,,,,,,,,,FALSE,,,,TRUE,
,,EOLYS BEAUTÉ,https://www.eolys-b2b.com/,,contact@eolys-beaute.com,,,,,,,,,FALSE,TRUE,,,TRUE,
,,ESPACE AGRO,https://www.espaceagro.com/agroalimentaire/producteur-grossiste.html,,,,,,,,,,,FALSE,,,,TRUE,
,,ESTHETIQUE MARKET,https://pro.esthetiquemarket.com/403-soin-capillaire,,contact@esthetiquemarket.com,,,,,,,,,FALSE,,,,TRUE,
,,EUGENE PERMA,https://commande.eugeneperma-professionnel.com/fr/,,,,,,Disponible pour les salons de coiffure auprès des représentants EUGENE PERMA Professionnel,,,,,FALSE,,,,TRUE,
,,EXERTIS,https://www.exertis.fr/contact.php,,contact@exertis.fr,,,,distribue plus de 350 marques de nouvelles technologie,,,,,FALSE,,,,TRUE,
,,EXPODIF,https://www.expodif.fr/BoutiqueWeb,,yasmine.makhezer@expodif.fr,,,,,,,,,TRUE,,,,TRUE,
,,FEMMAS,https://femmas-shop.de/My-account,,,,,,produit et revend les marques : Fonex - et d'autre...,,,,,TRUE,,,,TRUE,
,,FIGOODIES,https://www.figoodies.com/contact.php,,contact@figoodies.com,,,,,,,,,TRUE,,,,TRUE,
,,FIRST SELLER,http://www.firstseller.fr/,,sebastien@firstseller.fr,,,,"C'est pas clair care cela ressemble plus à un site B2B que B2C, mais les prix sont TTC. Bref à contacter",,,,,FALSE,,,,TRUE,
,,FOLIE COSMETIC,https://www.foliecosmetic.com/content/10-espace-pro,,,,,,,,,,,TRUE,,,,TRUE,
,,FOURNISSEUR MEDICAL,http://www.fournisseur-medical.com/,,,,,,,,,,,FALSE,,,,TRUE,
,,FRANCE COIFFURE DIFFUSION,https://www.francecoiffurediffusion.com/connexion-enregistrement.html,,,,,,,,,,,FALSE,,,,TRUE,
,,FRANCE INVENDUS,https://www.france-invendus.com/fr/,,,,,,,,,,,FALSE,,,,TRUE,
,,FREEDOM PET,http://freedompet.com/Our-Partners.htm,,,,,,canada,,,,,FALSE,,,,TRUE,
,,FULLLIGHTTECH,www.fulllighttech.com,,sales@fulllighttech.com,,,,"C'est un genre de PL, l'entreprise est basée à Hong Kong. Mais il ne revende pas leurs produits directement.",,,,,FALSE,,,,TRUE,
,,GARANCIA,http://www.garancia-pharmaciens.com/,,,,,,ne distribue que au pharmacien,,,,,FALSE,,,,TRUE,
,,GATITO,https://fr.gatito.pl/authentication?SubmitCreate&email_create=mail@mail.pl,,kontakt@gatito.pl,,,,Polonais. Travaillent avec eds dropshippers,,,,,FALSE,,,,TRUE,
,,GEMINI,http://www.ge-mini.com/fr/devenez_distributeur.php,,contact@ge-mini.com,,,,distributeur et grossiste,,,,,FALSE,,,,TRUE,
,,GOLIATH,https://www.jeux-goliath.com/a-propos-goliath/,,,,,,,,,,,FALSE,,,,TRUE,
,,GOUIRAN BEAUTÉ,https://www.gouiran-beaute.com/professionnel/,,contact@gouiran.com,,,,,,,,,FALSE,,,,TRUE,
,,GRIFFATI,https://www.griffati.com/en/dropshipping.html?utm_source=ECommerce_Nation&utm_medium=article&utm_campaign=ECN,,desk @ griffati.it,,,,fournisseur vetements Dropshipping,,,,,FALSE,,,,TRUE,
,,GROSSISTE ESOTERIQUE,https://www.grossiste-esoterique.biz/,,,,,,,,,,,FALSE,,,,TRUE,
,,GROSSISTE HYDROPONIQUE,https://www.grossiste-hydroponique.com/,,contact@grossiste-hydroponique.com,,,,,,,,,FALSE,,,,TRUE,
,,GUEULE D'AMOUR,https://www.gueule-damour.com/fr/content/62-espace-professionnel,,contact@gueule-damour.com,,,,sauf la revente en ligne,,,,,FALSE,,,,TRUE,
,,HABA,https://www.haba.de/fr_FR/e/contactez-nous--contactRequest,,,,,,,,,,,FALSE,,,,TRUE,
,,HAPPY HOME PRODUCTS,https://www.happyhomeproducts.nl/contacts/,,info@happyhomeproducts.nl,,,,Grossiste,,,,,FALSE,,,,TRUE,
,,HARIBO,https://www.laboutiqueharibo.fr/haribo-faq#question17,,,,,,,,,,,FALSE,,,,TRUE,
,,HEO,https://www.heo.fr/fr/fr/contact,,info@heo.fr,,,,,,,,,FALSE,TRUE,,,TRUE,
,,HL GROSSHANDEL,https://www.hl-grosshandel.com/contact,,hl-handel@web.de,,,,Figurine Bullyland,,,,,FALSE,,,,TRUE,
,,ICARE DISTRIBUTION,http://catalogue.icare-distribution.com/glisse-urbaine.html,,,,,,"Depuis plus de 20 ans, ICARE distribue des marques premium, représentative du marché et vous offre un large choix de matériel de powerkite, kitesurf, glisse urbaine, d’actions sports, cerfs-volants, jeux de vent, de jeux de plage, d’articles de jonglerie et des arts du cirque.",,,,,FALSE,,,,TRUE,
,,IDEALDOG,,,,,,,,,,,,FALSE,,,,TRUE,
,,IMPACT LIVRES,https://impact-livres.com/boutique.php#,,,,,,,,,,,TRUE,,,,TRUE,
,,JALDÈS,https://www.jaldes.com/fr/laboratoire-jaldes/6/nous-contacter,,contact@jaldes.fr,,,,,,,,,FALSE,,,,TRUE,
,,JBM,https://www.jbm.fr/fr/,,contact@jbm.fr,,,,,,,,,FALSE,TRUE,,"vend en direct sur Amazon, donc pas intéressés. Mais seront ok si on a un site spécialisé",TRUE,
,,JJA,http://www.jja-sa.fr/mentions-legales,,,,,,,,,,,FALSE,,,,TRUE,
,,JONOTOYS,https://www.jonotoyswebshop.nl/index.php?route=information/contact,,,,,,,,,,,FALSE,,,,TRUE,
,,JOUET DE REVE,http://jouetdereve.com/modules/reseller/retailer.php,,,,,,,,,,,FALSE,,,,TRUE,
,,K9,,,,,,,,,,,,FALSE,,,,TRUE,
,,KÄRCHER,https://www.kaercher.com/fr/a-propos/l-entreprise/espace-fournisseurs.html,,,,,,,,,,,FALSE,,,,TRUE,
,,KHAN INTERNATIONAL,https://www.khanfood.com/branded,,info@khanfood.com,,,,,,,,,FALSE,,,,TRUE,
,,KONG,https://www.kongcompany.com/en-uk/authorised-online-program-retailers,,applyforauthorisation@kongcompany.com,,,,,,,,,FALSE,,,,TRUE,
,,KOOISTRA,https://kooistra.com/,,,,,,,,,,,FALSE,,,,TRUE,
,,LA BEAUTÉ PRO,https://www.labeautepro.fr/contactez-nous/,,,,,,,,,,,FALSE,,,,TRUE,
,,LA PLTAEFORME DU COIFFEUR,http://www.laplateformeducoiffeur.com/,,,,,,,,,,,FALSE,,,,TRUE,
,,LABORATOIRE AGECOM,http://www.laboratoire-agecom.fr/,,,,,,demande de création de site faite,,,,,FALSE,,,,TRUE,
,,LC3 U10,https://u10.com/mentions-legales/,,,,,,"société cotée en bourse - Leur 3 marques sont vendues par Amazon, aucun vendeur FBA",,,,,FALSE,,,,TRUE,
,,LE VRAI,,,,,,,,,,,,FALSE,,,,TRUE,
,,LEGLER,https://www.legler-online.com/fr/sortiment-marken,,service.f@legler-online.com,,,,Marque Small foot,,,,,FALSE,,,,FALSE,
,,LEIFERANTEN,https://www.lieferanten.de/,,,,,,,,,,,FALSE,,,,TRUE,
,,LIVCO,https://livco-corsetti.fr/,,,,,,Checker sur les autres marketplace,,,,,FALSE,,,,TRUE,
,,LUXE TOUTOU,https://www.luxetoutou.com/content/106-vente-aux-professionnels,,contact@luxetoutou.com,,,,,,,,,FALSE,,,,TRUE,
,,MAJUSCULE,https://www.majuscule.fr/rejoignez-nous,,Service.developpement@majuscule.com,,,,,,,,,FALSE,,,,TRUE,
,,MATRIX,https://espacepro.matrixprofessional.fr/login/?current-section=contact-form,,,,,,,,,,,FALSE,,,,TRUE,
,,MAXILIVRES,https://maxilivres.fr/achat/,,pascal.danna@maxilivres.fr,,,,pas de catalogue Excel,,,,,TRUE,,,,TRUE,
,,MELISANA PHARMA,https://www.melisanapharma.fr/contact.php,,contact@melisana-pharma.fr,,,,,,,,,FALSE,,,,TRUE,
,,MGD NATURE,https://mgdnature.com/revendeurs-mgd-nature/devenir-revendeur/,,contact@mgdnature.com,,,,"vendu uniquement par AMZ, et pas beaucoup de vente. Pourquoi pas essayer plus tard, pour avoir quelques articles qui s'écoulent plus lentement. En tous cas c'est pas pour maintenant.",,,,,FALSE,,,,FALSE,
,,MIAMLAND,www.miamland.com,,,,,,"Pas de fichier Excel, je dois vérifier manuellement - Wahen gère la partie commercial - Je peux scrapper les codes EAN sur leur site",,,,,TRUE,,,,TRUE,
,,MILLE PRODUITS,https://www.milleproduits.com/,,savmilleproduits@gmail.com,,,,,,,,,FALSE,,,,TRUE,
,,MORIN,https://www.morinfrance.com/,,contact@morinfrance.com,,,,"Ils vendent eux même aux particuliers donc à voir, mais il semble qu'ils aient une très large sélection.",,,,,FALSE,,,,TRUE,
,,MOROCCANOIL,https://www.moroccanoil.com/fr/help#tab0,,info@moroccanoil,,,,,,,,,FALSE,,,,TRUE,
,,MOULIN ROTY,https://www.moulinroty.com/fr/devenir-distributeur/,,alice@moulinroty.fr,,,,,,,,,FALSE,,,,TRUE,
,,MR NET,https://www.mrnet.fr/contact/,,,,,,doit être contacté par téléphone,,,,,FALSE,,,,TRUE,
,,MYDESTOCKAGE,http://mydestockage.com/content/2-mentions-legales,,,,,,"C'est la même société que celui du dessus, mais 2 site internet différent, vois plus, je comprends pas l'idée. Peut être qu'ils essayent de submerger le marché",,,,,FALSE,,,,TRUE,
,,NEOTILUS,http://b2b.neotilus.fr/collecta--4.aspx,,,,,,aucun produits intéressants au 10/04/2020,,,,,FALSE,,,,FALSE,
,,NERABI,https://nerabi.de/kontakt-anfahrt/,,,,,,"Allemands. Je ne vois que 2 produits Nerabi sur AMZ, mais ils sont prometteur, donc à voir",,,,,FALSE,,,,TRUE,
,,NHCO,https://nhco-nutrition.com/france/contact/,,,,,,,,,,,FALSE,,,,TRUE,
,,NORIA DISTIBUTION,https://www.noria-distribution.com/contacter-noria-distribution/,,,,,,Apparement c'est un acteur très important,,,,,FALSE,,,,TRUE,
,,NOVA ENGEL,https://b2b.novaengel.com,,ecommerce@novaengel.com,,,,,,,,,FALSE,,,,TRUE,
,,NOZA DISTRIBUTION,https://www.nozadis.com/,,,,,,articles fumeur,,,,,FALSE,,,,TRUE,
,,NSDA,https://www.nsdafrance.com/PBCPPlayer.asp?ID=2009685,,nsda.france@orange.fr,,,,,,,,,FALSE,,,,TRUE,
,,O BARBER SHOP,https://www.obarbershop.com/shop/pro/connexion,,gentleman@obarbershop.com,,,,,,,,,FALSE,,,,TRUE,
,,OLA BAMBOO,https://olabamboo.com/pourquoi-acheter/,,,,,,marque de produit en Bambo (PL),,,,,FALSE,,,,TRUE,
,,OSMA,https://www.osma-werm.com/fr_FR/francais-demande-de-catalogue,,,,,,,,,,,TRUE,,,,TRUE,
,,OSTER,,,,,,,,,,,,FALSE,,,,TRUE,
,,OSTOCK13,http://www.ostock13.fr/,,ostock13@bbox.fr,,,,,,,,,FALSE,,,,TRUE,
,,PET PRODUCTS,https://www.petproducts.co.uk/contentpage/new-account-application,,sales@petproducts.co.uk,,,,,,,,,FALSE,,,,TRUE,
,,PETSAFE,https://intl.petsafe.net/fr-fr/about-us,,,,,,,,,,,FALSE,,,,TRUE,
,,PILOT STATION,https://www.pilots-station.com/espaceDistributeur.php,,,,,,,,,,,FALSE,,,,TRUE,
,,PIPINATO,https://pipinato.com/en/manufacturers.html,,,,,,Grossiste Italien chaussure,,,,,FALSE,,,,TRUE,
,,PLANETE JOUETS,https://www.planetejouets.com/11-jeux-de-societe,,contact@planetejouets.com,,,,,,,,,FALSE,,,,TRUE,
,,PLAQUE OFF,http://www.buccosante.eu/,,,,,,,,,,,FALSE,,,,TRUE,
,,PLEIN CIEL,http://www.pleinciel.fr/devenir-distributeur.html,,,,,,distributeur important,,,,,FALSE,,,,TRUE,
,,PLENTY GIFTS,http://www.plentygifts.nl/content/8-contactgegevens,,sales@plentygifts.nl,,,,J'ai repéré la marque de puzzle Jumbo. C'est une boîte néerlandaise,,,,,FALSE,,,,FALSE,
,,POLYTRANS,https://www.polytrans.fr/qui-sommes-nous.html,,,,,,"pas de fichier Excel, les prix sur le site sont les mêmes pour particuliers et professionnels, mais je pourrai demander une remise quantitative",,,,,FALSE,,,,TRUE,
,,POSTQUAM,https://www.postquam.com/fr/login?back=my-account,,atencioncliente@postquam.com,,,,Portuguais,,,,,FALSE,,,,TRUE,
,,PRO DUO,https://www.pro-duo.fr/e/qui-sommes-nous.html,,serviceclient.fr@pro-duo.com,,,,,,,,,FALSE,,,,TRUE,
,,PROBEL,https://probel-group.com/fr/nous-contacter,,orders@probel-group.com,,,,grossiste Belge en confiserie,,,,,FALSE,,,,TRUE,
,,PROMIS,https://promis.pl/,,sklep@promis.pl,,,,produits Eldom. Ce sont des Polonais,,,,,FALSE,,,,TRUE,
,,PROVENCE COSMÉTIQUE,https://www.provencecosmetique.fr/contact/,,contact@provencecosmetique.fr,,,,,,,,,FALSE,,,,TRUE,
,,RÉSOLUTIVE,https://www.resolutive.fr/authentification?back=my-account,,info@resolutive.fr,,,,,,,,,FALSE,,,,TRUE,
,,RESTPOSTEN,https://www.restposten-germany.de/shop/Markenartikel:::164.html,,info@restposten-germany.de,,,,grossiste Allemand,,,,,FALSE,,,,TRUE,
,,ROMIAQS,http://www.romiaqs.com/index.html,,info@romiaqs.com,,,,distributeur de la marque HUNTER - aucun produit intéressant sur le MP FR,,,,,FALSE,,,,FALSE,
,,ROYAL CANIN,https://www.royalcanin.com/fr/where-to-buy,,,,,,,,,,,FALSE,,,,TRUE,
,,SAATCHITECH,http://www.saatchitech.com/en/contact.html,,,,,,"Ils ne vendent rien sur la MP française, je n'ai pas vérifié sur les autres. Ça pourrait être une opportunité que de leur proposer de développer ça. Leur marque semble très correcte, je pense que c'est du PL",,,,,FALSE,,,,TRUE,
,,SANITERPEN,,,,,,,,,,,,FALSE,,,,TRUE,
,,SAREF,https://www.saref.fr/connexion?back=my-account,,saref.commande@gmail.com,,,,,,,,,FALSE,,,,TRUE,
,,SAVIC,https://www.savic.be/,,,,,,,,,,,FALSE,,,,TRUE,
,,SIMPLE SOLUTION,http://www.simplesolution.com/about#contact,,,,,,,,,,,FALSE,,,,TRUE,
,,SOLDOO,http://www.soldoo.com/contact/index.html,,poste7@prospectexcel.com,,,,,,,,,FALSE,,,,TRUE,
,,SOLOTOCKS,https://www.solostocks.fr/,,,,,,,,,,,FALSE,,,,TRUE,
,,SOXO,https://soxo.it/,,info@soxo.it,,,,"Polonais. Ils vendent quelques articles sur AMZ FR mais c'est vraiment pas terrible. Marge d'amélioration énorme, je peux proposer mes services.",,,,,FALSE,,,,TRUE,
,,SPORT ASAP,http://www.sportasap.fr/,,,,,,,,,,,FALSE,,,,TRUE,
,,SPORT PULSION,https://sportpulsion.fr/contact/,,info@sportpulsion.fr,,,,,,,,,FALSE,,,,TRUE,
,,SPRENGER,https://www.sprenger.de/en/?,,,,,,"pas intéressant sur FR, à voir sur les autres MP",,,,,FALSE,,,,TRUE,
,,SPZ,https://info.spzfreetrade.es/fr,,,,,,"Espagnol, nombreuses grandes marques",,,,,FALSE,,,,TRUE,
,,STAR LICENSING,http://www.starlicensing.it/,,info@starlicensing.it,,,,"Il faut avoir un compte pour voir leur catalogue, mais ils ont beaucoup d'articles sous licence",,,,,FALSE,,,,TRUE,
,,STOCKLOT,https://www.stocklot.eu/,,,,,,,,,,,FALSE,,,,TRUE,
,,STOCKOVER,,,,,,,,,,,,FALSE,,,,TRUE,
,,STOKOMANI,,,,,,,,,,,,TRUE,,,,TRUE,
,,STORZ BICKEL,https://www.storz-bickel.com/fr/,,info@storz-bickel.com,,,,vaporisateur,,,,,FALSE,,,,TRUE,
,,SUAVECITO,https://wholesale.suavecitopomade.com/,,wholesale@suavecitopomade.com,,,,,,,,,FALSE,,,,TRUE,
,,SUPERBRANDS,https://superbrands.fr/,,contact@superbrands.fr,,,,,,,,,FALSE,,,,TRUE,
,,TESCOMA,http://www.tescoma.co.uk/contactus,,capoani.francesca@tescoma.it,,,,Entreprise basée en angleterre. Je verrai plus tard,,,,,FALSE,,,,TRUE,
,,THE COMPANY OF ANIMALS,https://companyofanimals.co.uk/contact,,contact@wearecoa.com,,,,,,,,,FALSE,,,,TRUE,
,,THORNE,https://www.thorne-europe.com/contact,,,,,,complément alimentaire. Je ne sais pas si ils passent par des revendeurs vraiment.,,,,,FALSE,,,,TRUE,
,,TP-LINK,,,,,,,,,,,,FALSE,,,,TRUE,
,,TRADAKA,https://www.tradaka.com/fr/nous-contacter,,tradcontact@tradaka.com,,,,grossiste et importateur,,,,,TRUE,,,,TRUE,
,,TRAINING DISTRIBUTION,https://pro.training-distribution.com/fr/,,training.distribution@gmail.com,,,,,,,,,FALSE,TRUE,,Les marques qu'ils distribuent leur ont donné pour consigne de ne pas accepter les vendeurs sur marketplace,TRUE,
,,TRENDS 4  CENTS,https://www.trends4cents.de/info/Haendlerportal.html,,b2b@trends4cents.de,,,,marque Beper vendue seulement par AMZ,,,,,TRUE,,,,TRUE,
,,TRIXIE,https://www.trixie.de/heimtierbedarf/fr/reseller/reseller-shop/,,,,,,,,,,,FALSE,,,,TRUE,
,,TSJJ,http://www.tsjj.fr/,,tsjj@wanadoo.fr,,,,"Pas de catalogue au format Excel, je dois checker manuellement",,,,,TRUE,,,,TRUE,
,,UN CHIEN DANS LE MARAIS,https://unchiendanslemarais.com/pro/fr/mon-compte,,info@ucdlm.com,,,,,,,,,FALSE,,,,FALSE,
,,VAG DISTRIBUTION,http://www.vagdistri.com/contact/,,,,,,,,,,,FALSE,,,,TRUE,
,,VCA TEXTIL,https://vca-textil.de/epages/41c75ccf-34ef-4a10-862b-e1564d386812.sf/de_DE/?ObjectPath=/Shops/41c75ccf-34ef-4a10-862b-e1564d386812/Categories/MARKEN,,info@vca-textil.de,,,,,,,,,FALSE,,,,TRUE,
,,VERLINA,https://www.verlina.com/content/12-professionnels,,,,,,,,,,,FALSE,,,,TRUE,
,,VIDAXL,https://partners.vidaxl.com/resellers,,B2Binfo@vidaxl.com,,,,Il faut payer pour avoir accès à leur catalogue,,,,,FALSE,,,,FALSE,
,,VIRBAC,https://fr.virbac.com/ou-acheter-nos-aliments,,,,,,produits pour vétérinaire,,,,,FALSE,,,,TRUE,
,,VITAKRAFT,http://www.vitakraft.fr/,,service.consommateur@vitakraft.fr,,,,,,,,,FALSE,,,,TRUE,
,,VITALPETS,https://www.vitalpets.co.uk/,,,,,,,,,,,FALSE,,,,TRUE,
,,WDK GROUPE PARTNER,http://www.wdkpartner.com/fr/vos-activites/e-commerce.html,,contactweb@wdkpartner.com,,,,"il y'a une liste de produits qui se vendent bien, mais je dois obtenir une belle réduction sur le prix catalogue, actuellement, aucun produit n'est suffisament rentable. Je dois penser à analyser ces produits sur les autres MP",,,,,TRUE,,,,TRUE,
,,WESTOCKLOTS,https://westocklots.com/,,info@westocklots.com,,,,,,,,,TRUE,,,,TRUE,
,,WHISKAS,,,,,,,,,,,,FALSE,,,,TRUE,
,,YALDONE,http://yaldone.fr/nos-revendeurs/,,,,,,,,,,,FALSE,,,,TRUE,
,,ZENTRADA DISTIBUTION,https://www.zentrada.fr/,,service@zentrada.fr,,,,J'ai fini la catégorie Maison et Habitat,,,,,FALSE,,,,TRUE,
,,ZOO DIRECT,https://www.zoodirect.com/infos/revendeurs.html,,,,,,distribue des marques peu connues mais à suivre,,,,,FALSE,,,,TRUE,
,,ALVADIEM,https://www.alvadiem.fr/,,,,,,,,,,,FALSE,,,,TRUE,
,,NAT PRO CHEF,https://www.amazon.fr/LOT-ROULEAUX-alimentaire-conditionnement-micro-ondes/dp/B00TE2DEVC/ref=sr_1_4?__mk_fr_FR=%C3%85M%C3%85%C5%BD%C3%95%C3%91&dchild=1&keywords=nat+pro+chef&qid=1613214344&sr=8-4,,,,,,,,,,,FALSE,,,,TRUE,
,,SITRAM,https://www.sitram.fr/ou-acheter,,,,,,,,,,,FALSE,,,,TRUE,
,,HARDYDEWERSE,https://www.hardydewerse.fr/fr/,,commercial@hardydewerse.fr,,,,,,,,,FALSE,,,,TRUE,
,,ANKORSTORE,https://fr.ankorstore.com/account/orders,,,,,,,,,,,FALSE,,,,TRUE,
,,DISTRISTAR,http://www.distristar.com/home/1393-817513010033-cantu-sb-natural-coconut-curling-cream-12oz-817513010033.html,,,,,,,,,,,FALSE,,,,TRUE,
,,MAXIBURO,https://www.maxiburo.fr/,,,,,,,,,,,FALSE,,,,TRUE,
,,SETICO,https://www.setico-b2b.com/,,,,,,,,,,,FALSE,,,,TRUE,
,,ANHELCARE,https://angelcarebaby.com/,,,,,,,,,,,FALSE,,,,TRUE,
,,ADEXGROUP,https://www.adexgroup.fr/,,contact@adexgroup.fr,,,,,,,,,FALSE,,,,TRUE,
,,E-FOURNITURES,https://e-fournitures.fr/collections/crayons-et-craies-de-coloriage,,,,,,"bic, mapel, uhu, posca ...pleins de grosse marque",,,,,FALSE,,,,TRUE,
,,STOCK DIRECT CHR,https://www.stock-direct-chr.com/,,info@stock-direct-chr.com,,,,marque Hendi,,,,,FALSE,,,,TRUE,
,,AFRICAN DREAM FRANCE,https://www.africandreamfrance.com/inscription/,,,,,,"produiut afro, creer compte pro",,,,,FALSE,,,,TRUE,
,,CIS,https://www.grossiste-hydroponique.com/login?back=my-account,,,,,,"contacté via le site le 17/03/2022 (sans réponse),  refait une demande le 11/04/2022",,,,,FALSE,,,,TRUE,
,,GROWSHOP.FR,https://www.growshops.fr/fr/40-engrais-biobizz,,,,,,contacté via le site le 17/03/2023,,,,,FALSE,,,,TRUE,
,,AUNTJACKIES,https://auntjackiescurlsandcoils.com/,,,,,,service client,,,,,FALSE,,,,TRUE,
,,AFRICAN PRIDE,https://africanpridehair.com/,,,,,,formulaire contact,,,,,FALSE,,,,TRUE,
,,ECOSTYLER,https://ecocoinc.com/,,,,,,contacter via le site le 17/03/2022,,,,,FALSE,,,,TRUE,
,,ORS,https://orshaircare.com/,,,,,,formulaire contact,,,,,FALSE,,,,TRUE,TRUE
,,ACTIVILONG,https://activilong.com/fr/,,,,,,"service client / 2 avenue de Montboulon ZA du savoy
77165 SAINT-SOUPPLETS
France",,,,,FALSE,,,,TRUE,
,,CANTU,https://www.cantubeauty.com/,,,,,,formulaire contact,,,,,FALSE,,,,TRUE,
,,PALMERS,https://fr.palmers.com/contacter-palmer-s,,,,,,"tout contact: mail , tel, adresse",,,,,FALSE,,,,TRUE,
,,RUGAIL,https://www.rugail.com/nous-contacter,,,,,,contact via le site: 17/03/22 - aucune réponse,,,,,FALSE,,,,TRUE,
,,MIINTRADE,https://www.miintrade.com/fr/catalogue/380-rich-moist-foaming-cleanser-8809115025487.html,,,,,,formulaire contact en ligne a remplir,,,,,FALSE,,,,TRUE,
,,CULTIVEA,https://www.cultivea.com/boutique/kits-pret-a-pousser/kit-sacs-de-culture-bio-concombre-tomate-poivron/,,,,,,"se vend tres bien sur AMZ, AMZ pas present",,,,,FALSE,,,,TRUE,
,,AVENTURE BIO,https://www.aventure.bio/,,,,,,formulaire contact,,,,,FALSE,,,,TRUE,
,,MULTITEC DISTRIBUTION,https://multitec-distribution.com/#contact,,,,,,contact via le site le 02/04/2022,,,,,FALSE,,,,TRUE,
,,SPI-DISCOUNT,https://www.spi-discount.net/fr/mon-compte,,,,,,,,,,,FALSE,,,,TRUE,
,,PHOENIX IMPORT,https://www.phoeniximport.com/fr/1/accueil.aspx,,,,,,création de compte le 05/04/22,,,,,FALSE,,,,TRUE,
,,ESOTERIX,https://www.esoterix.eu/index.php,,,,,,création de compte le 05/04/22,,,,,FALSE,,,,TRUE,
,,LABORATOIRE ASEPTA,https://asepta.com/contact/,,,,,,Produit entre autre la marque Akileïne ,,,,,FALSE,TRUE,,Il faut un magasin physique pour revendre les produits,TRUE,
,,EPISAVEURS,https://www.episaveurs.fr/devenir-client,,,,,,"épicerie, boisson, hygiène et entretien pour les professionnels de la restauration",,,,,FALSE,,,,TRUE,
,,PROBAL,https://www.probal.fr/l-offre-500,,,,,,fichier XL,,,,,FALSE,,,,TRUE,
,,DIETPRO,http://www.boutique-nature.com/index.html?gclid=CjwKCAjwo8-SBhAlEiwAopc9W8B5ud_25HKlK4N1_hrlXcJGbhdgGsw2qxs3MylLyNLgFuRdd6u9lBoCLzgQAvD_BwE,,,,,,,,,,,FALSE,,,,TRUE,
,,CONCEPT JP,https://conceptjp.com/m-inscrire/,,,,,,,,,,,FALSE,,,,TRUE,
,,MELANINBEAUTYWHOLESALE,https://www.melaninbeautywholesale.com/pages/contact-us?contact_posted=true#ContactForm,,,,,,demande de catalogue via le site le 13/04/2022,,,,,FALSE,,,,TRUE,
,,FRIZSCOSMETICS,https://frizscosmetics.com/products-page-2/eco-styler-styling-gel-olive-oil-8oz-3/,,,,,,demande de catalogue via le site le 13/04/2023,,,,,FALSE,,,,TRUE,
,,COSMETIZ,https://www.cosmetize.com/product/eco-styler-professional-styling-gel-with-olive-oil-32oz/2e75b231-d588-4bf6-aaa4-7d06304745e0,,,,,,demande de devis envoyé par mail le 13/04/2022,,,,,TRUE,,,,TRUE,
,,SUPPLYLEADER,https://supplyleader.com/,,,,,,il recherche des grossistes en chine,,,,,FALSE,,,,TRUE,
,,HAUSHALT-INTERNATIONAL,https://haushalt-international.de/Registrieren.aspx,,,,,,formulaire contact en ligne,,,,,FALSE,,,,TRUE,
,,GROSSISTE JEUX BE,https://www.grossiste-jeux.be/fr/login.aspx,,,,,,,,,,,FALSE,,,,TRUE,
,,TOI-TOYS,https://www.toi-toys.com/fr/enregistrer,,,,,,formulaire en ligne ne fonctionne pas,,,,,FALSE,,,,TRUE,
,,PDC,https://www.pdcwellness.com/,,customerservices@originaladditions.co.uk,,,,mail envoyé le 21/04/22 - distributeur de marque comme Cantu,,,,,FALSE,,,,TRUE,
,,OLAPLEX,https://www.olaplex-haarkleuringen.be/fr,,,,,,,,,,,FALSE,,,,TRUE,
,,EXOTICCITY,https://www.exoticcity.be/fr/relaxers-and-color-treatments/2487-ors-olive-oil-relaxer-kit-super-x12.html,,info@exoticcity.be,,,,"aucun prix sur le site, faut les contacter pour en savoir plus",,,,,TRUE,,,,TRUE,
,,COSMETIC99,https://www.cosmetic99.fr/mon-compte/,,,,,,"compte créé le 24/04, contact par téléphone, car pas reçu mail création compte",,,,,TRUE,,,,TRUE,
,,SOCODIS,https://www.socodis-animal-et-nature.com/,,daniel.armengaud81@orange.fr,,,,a contacter pr savoir si on peut acheter,,,,,FALSE,,,,TRUE,
,,TRANSMED,https://transmed.com/en/our-partners/,,,,,,Ils sont plus sur l'Afrique et le moyen Orient,,,,,FALSE,,,,TRUE,
,,SUHAILCOSMETICS,https://www.suhailcosmetics.com/,,,,,,,,,,,FALSE,,,,TRUE,
,,MASTER CLEANING,https://www.master-cleaning.be/,,,,,,,,,,,FALSE,,,,TRUE,
,,DISTRIBIO,https://www.distribio.be/,,,,,,,,,,,FALSE,,,,TRUE,
,,DIET PRO,https://www.dietpro.fr/,,,,,,,,,,,FALSE,,,,TRUE,
,,DESPEC-BENELUX,https://www.despec-benelux.com/fr_FR/account/registration/?return_url=https%3A%2F%2Fwww.despec-benelux.com%2Ffr_FR%2Fp%2Foxford-organiser-book-a4-grey-100102777-80shts-80gr-checkered-5mm%2F78979%2F,,,,,,,,,,,FALSE,,,,TRUE,
,,GROSSISTE ENCRE,https://grossistencre.fr/,,,,,,,,,,,TRUE,,,,TRUE,
,,INMAC-WSTORE,https://www.inmac-wstore.com/cartouche-jet-encre/c879.htm?m=1057&coagent=1001055&gclid=Cj0KCQjw5ZSWBhCVARIsALERCvxGRUQF26fsGZEtf3VXt9HXzEQCxpM4oc92HTvI3ENoVT8ByzecRpoaArRmEALw_wcB,,,,,,,,,,,FALSE,,,,TRUE,
,,WHOFFICE,"https://www.whoffice.de/rubrik,whoffice,de/produkte,Produkte",,,,,,,,,,,FALSE,,,,TRUE,
,,HADAR DISTRIBUTION,https://hadardistribution.com/,,contact@hadardistribution.com,,,,,,,,,FALSE,,,,TRUE,
,,SOCADE,https://www.socadeparis.com/,,contact@socadeparis.com,,,,,,,,,FALSE,,,,TRUE,
,,EUROLOTS,https://www.eurolots.com/en/login/register,,,,,,,,,,,TRUE,,,,TRUE,
,,3LD,http://3ld.fr/#services,,,,,,,,,,,FALSE,,,,TRUE,
,,NET APPRO,http://www.netappro.com/authentification,,,,,,,,,,,FALSE,,,,TRUE,
,,FIROZA,https://firozadistribution.com/login.php?crea=,,,,,,,,,,,FALSE,,,,TRUE,
,,FLAMINGO,https://www.flamingo.be/fr/account/login,,,,,,,,,,,FALSE,,,,TRUE,
,,E-CORNER,https://e-corner.fr/account/register,,,,,,,,,,,FALSE,,,,TRUE,
,,HOPE,https://hope-pet-food.com/grossiste-animalerie/identification?back=my-account,,,,,,,,,,,FALSE,,,,TRUE,
,4,GROSSISTE MAQUILLAGE,https://www.grossistemaquillage.com/connexion?back=my-account,,,,,,,,,,,FALSE,,,,TRUE,
,,TRADE MAKE UP,https://trade-makeup.com/,,,,,,,,,,,FALSE,,,,TRUE,
,,YARI,https://yari.eu/,,,,,,,,,,,TRUE,,,,TRUE,
,,HEUSCHEN & SCHROUFF,https://www.heuschenschrouff.com/,,,,,,,,,,,FALSE,TRUE,,ils m'ont renvoillé vers leur partenaire Français.,TRUE,
,,MASIMPEX,https://www.masimpex.com/en/l/contact,,info@masimpex.com,,,,,,,,,FALSE,,,,TRUE,
,,T&T FOOD,https://www.ttfoodsorder.fr/easyorder/index,,,,,,,,,,,FALSE,,,,TRUE,
,,JOHNSON & JOHNSON,https://www.jnj.fr/contact-us,,labo@jnj.com,,,,,,,,,FALSE,,,,TRUE,
,,AFRO EXOTIQUE,https://afro-exotique.com/product/dax-gel-pour-cheveux-a-lhuile-dolive-eco-styler/,,,,,,,,,,,FALSE,,,,TRUE,
,,BELLEZA PLUS,https://bellezaplus.com/fr/gels-de-fixation/1291-eco-styler-styling-gel-olive-oil-473ml-for-all-hair-types-748378001112.html,,,,,,,,,,,FALSE,,,,TRUE,
,,DCA-DISTRIBUTION,https://www.dca-distribution.fr/,,,,,,,,,,,FALSE,,,,TRUE,
,,GESLOT,https://geslot.com/,,,,,,,,,,,FALSE,,,,TRUE,
,,EUROPAGES,https://www.europages.fr/?_ga=2.246986756.1499390131.1672158563-1660373246.1672158563,,,,,,,,,,,FALSE,,,,TRUE,
,,BAHADOURIAN,https://www.epicerie-grossiste.com/,,,,,,,,,,,FALSE,,,,TRUE,
,,ABS FRANCE WHOLESALE,https://absfrancewholesale.fr/,,,,,,,,,,,FALSE,,,,TRUE,
,,VETOSANTÉ,https://www.vetosante.com/qui-sommes-nous,,,,,,,,,,,FALSE,,,,TRUE,
,,NOZ,,,,,,,,,,,,FALSE,,,,TRUE,
,,EMMAUS,,,,,,,,,,,,,,,,,
,,MONA LISAIT,,,,,,,,,,,,,,,,,
,,PRADO MERMOZ,https://www.parapharmacie-et-medicament.com/,,,,,,,,,,,,,,,,
,,FNAC,,,,,,,,,,,,,,,,,
,,MAXI TOYS,,,,,,,,,,,,,,,,,
,,MAXXILOT,,,,,,,,,,,,,,,,,
,,AUCHAN,,,,,,,,,,,,,,,,,
,4,LBM,,,,,,,,,,,,,,,,,
,,PHARMAMARKET,,,,,,,,,,,,,,,,,
,,BOTICINAL,,,,,,,,,,,,,,,,,
,4,PASSION COSMETICS PARIS,,,,,,,,,,,,,,,,,
,,ORNIBIRD,,,,,,,,,,,,,,,,,
,,DUREX,,,,,,,,,,,,,,,,,
,,DIFAC,https://www.difac.fr/accueil.asp,,,,,,,,,,,,,,,,